"","TICKER","PRC","MCAP","RNG"
"1","A",0.018460551,2.893627517,0.012258955
"2","AA",0.063632591,2.917090116,0.022117071
"3","AAC",0.050189351,-0.888937892,0.028225057
"4","AAL",0.028130771,3.23352767,0.032301342
"5","AAMC",0.001593436,0.338120448,0.033459419
"6","AAN",0.041414578,0.557241009,0.015853001
"7","AAOI",0.068091657,-1.5272106,0.039135835
"8","AAON",0.055527389,-0.020336866,0.024017634
"9","AAP",0.007261912,2.306777804,0.012775946
"10","AAPL",0.009832884,6.390506097,0.010242102
"11","AAVL",0.030891142,-0.319933344,0.035223847
"12","AAWW",0.029785223,-0.184324676,0.022007321
"13","ABAX",0.020280399,0.104373196,0.018423256
"14","ABBV",0.017435073,4.512874983,0.017235726
"15","ABC",0.012846578,2.859752066,0.010044834
"16","ABCB",0.042777168,-0.467081742,0.015826127
"17","ABCO",0.020341202,0.569453924,0.01786941
"18","ABCW",0.033107101,-1.270604696,0.041045727
"19","ABG",0.015135363,0.694172929,0.024581524
"20","ABM",0.038327584,0.374301869,0.011864838
"21","ABMD",0.040866367,-0.011227249,0.020745558
"22","ABT",0.023932407,4.140212796,0.011983264
"23","ABTL",0.110784644,-2.507501104,0.034911143
"24","ACAD",0.038994948,0.937016947,0.030085752
"25","ACAS",0.070708313,1.324518451,0.01186686
"26","ACAT",0.03071007,-0.865056916,0.025888192
"27","ACCO",0.141608176,-0.216266771,0.020322171
"28","ACET",0.050718885,-0.559035318,0.021656267
"29","ACHC",0.019424035,1.113268629,0.0215466
"30","ACHN",0.092564644,0.077261128,0.041777558
"31","ACIW",0.05425808,0.750266805,0.01964662
"32","ACM",0.032102281,1.148602552,0.019374173
"33","ACNB",0.05179198,-2.153677034,0.005696767
"34","ACOR",0.030001631,0.317786454,0.027618339
"35","ACRX",0.15600624,-1.276444341,0.039450665
"36","ACTA",0.057987092,-0.347471808,0.033532166
"37","ACTG",0.064633975,-0.257263875,0.028256387
"38","ACU",0.058486269,-2.894580464,0.010034328
"39","ACXM",0.058764915,0.269670224,0.019514656
"40","ACY",0.088583033,-4.009705751,0.015962778
"41","ADBE",0.015163552,3.492515501,0.016273219
"42","ADEP",0.138583436,-2.363127477,0.035723025
"43","ADES",0.049845047,-0.824635481,0.021437403
"44","ADI",0.021624468,2.675201586,0.015562064
"45","ADM",0.021497537,3.400805434,0.014470583
"46","ADMS",0.064151733,-1.335259979,0.040230445
"47","ADNC",0.153027279,-1.904697923,0.039762748
"48","ADP",0.013411822,3.580958799,0.010387327
"49","ADPT",0.03693118,-1.328976349,0.031314158
"50","ADS",0.003882263,2.658546546,0.017485114
"51","ADSK",0.01835536,2.514883009,0.017366771
"52","ADT",0.029615132,1.770249665,0.015259492
"53","ADTN",0.050449107,0.073038983,0.023399617
"54","ADUS",0.053174273,-1.577281008,0.024791329
"55","ADVS",0.03090837,0.513883962,0.020993935
"56","AE",0.022698115,-1.683042791,0.024244887
"57","AEE",0.024831577,2.279050884,0.012387155
"58","AEGN",0.054186496,-0.3756364,0.020876342
"59","AEGR",0.031303164,-0.101783408,0.044730241
"60","AEIS",0.055228056,-0.321824124,0.021567938
"61","AEL",0.042767623,0.557694849,0.01330666
"62","AEO",0.072722674,0.982576158,0.021565239
"63","AEP",0.018224462,3.288486061,0.011423195
"64","AEPI",0.024515813,-1.576399605,0.030296339
"65","AERI",0.045980688,-0.654087821,0.024567094
"66","AES",0.073362891,2.28788653,0.016189348
"67","AET",0.012801745,3.320602434,0.015042178
"68","AETI",0.140393713,-2.843279215,0.023930476
"69","AF",0.080391472,0.213664974,0.0138112
"70","AFAM",0.03652533,-1.350433295,0.023851987
"71","AFCB",0.044094247,-3.198714216,0.047030842
"72","AFFX",0.131199909,-0.579804374,0.02727862
"73","AFG",0.017318103,1.638750526,0.008602682
"74","AFL",0.017314583,3.263980736,0.009782328
"75","AFOP",0.082084226,-1.482771811,0.033057476
"76","AFSI",0.022327279,1.206574757,0.028146762
"77","AGCO",0.022589992,1.423143701,0.017312462
"78","AGIO",0.014374281,0.872967842,0.036407627
"79","AGM",0.035596651,-2.446550639,0.01151682
"80","AGN",0.005456443,3.997361322,0.018549952
"81","AGRX",0.152610975,-2.106875838,0.035817198
"82","AGTC",0.053704439,-1.186596099,0.044627524
"83","AGX",0.031096209,-0.767870729,0.022348926
"84","AGYS",0.090123626,-1.374222596,0.016400007
"85","AHC",0.089689596,-1.523154405,0.021745546
"86","AHS",0.061652281,-0.282738309,0.019904847
"87","AI",0.03819456,-0.548543419,0.009286057
"88","AIG",0.019378702,4.298783448,0.011897024
"89","AIMC",0.034919382,-0.275126816,0.020644745
"90","AIN",0.029081162,-0.017538427,0.014786811
"91","AIQ",0.04382956,-1.407918413,0.031731936
"92","AIR",0.041234895,-0.034143602,0.018566758
"93","AIRI",0.090606223,-2.54810434,0.017086753
"94","AIRM",0.019239134,0.708371726,0.024228252
"95","AIRT",0.077490677,-3.493718289,0.015615215
"96","AIT",0.021739952,0.64567466,0.014378821
"97","AIZ",0.015649133,1.517029796,0.010811322
"98","AJG",0.022054946,1.975734663,0.008899433
"99","AKAM",0.017674226,2.310069604,0.016872947
"100","AKAO",0.11093961,-1.836189248,0.038784018
"101","AKBA",0.053002719,-0.975217968,0.041882212
"102","AKRX",0.025744636,1.423136345,0.025899286
"103","AKS",0.146917918,0.151415864,0.044348597
"104","AL",0.029796606,1.233102798,0.016543115
"105","ALB",0.017677622,1.486940299,0.017354327
"106","ALCO",0.027236985,-1.308609044,0.011602185
"107","ALDR",0.075286416,-0.907888813,0.045191691
"108","ALDX",0.148676873,-3.298942596,0.068737156
"109","ALE",0.020513369,0.730664018,0.011674764
"110","ALEX",0.027355551,0.576752998,0.018182144
"111","ALG",0.025052829,-0.724340002,0.016389713
"112","ALGN",0.020692851,1.356449613,0.017646772
"113","ALGT",0.008432352,0.727221563,0.020375944
"114","ALIM",0.190051231,-1.461078408,0.034375344
"115","ALJ",0.068562571,0.011090335,0.03768325
"116","ALK",0.021651746,1.820506469,0.019365299
"117","ALL",0.016184418,3.286012852,0.008126705
"118","ALLB",0.061838712,-2.731591874,0.012277553
"119","ALLY",0.045916432,2.345818483,0.019281997
"120","ALNY",0.011720761,1.875323653,0.030138642
"121","ALOG",0.014180243,-0.132966485,0.014409779
"122","ALOT",0.076232775,-2.290004929,0.014589651
"123","ALR",0.026139334,1.155994115,0.017293919
"124","ALSN",0.034528832,1.633451351,0.015391626
"125","ALTR",0.030215052,2.31177467,0.017807632
"126","ALTV",0.140338032,-3.155191394,0.017588453
"127","ALV",0.010929014,2.138195041,0.013785407
"128","ALXN",0.005707444,3.545993183,0.021836845
"129","AMAG",0.031302312,-0.352078182,0.026923901
"130","AMAT",0.04863659,3.220810132,0.018539617
"131","AMBC",0.047048235,-0.04535387,0.026561416
"133","AMBR",0.065957386,-0.962716269,0.028966035
"134","AMC",0.043361864,-0.699737146,0.02256153
"135","AMCC",0.149234363,-0.641015336,0.036128148
"136","AMCX",0.017491691,1.242215643,0.01718524
"137","AME",0.020234367,2.496458736,0.013207369
"138","AMED",0.046810762,-0.342038167,0.024610365
"139","AMG",0.005208263,2.366625531,0.013484223
"140","AMGN",0.007028416,4.682045093,0.016200886
"141","AMIC",0.094048335,-2.454767175,0.023535788
"142","AMKR",0.135913724,0.548906946,0.034892833
"143","AMNB",0.044032622,-1.725618191,0.021882592
"144","AMOT",0.074395135,-2.090059116,0.031468243
"145","AMP",0.008513852,3.089310967,0.013507257
"146","AMPH",0.094254569,-0.748267881,0.026825945
"147","AMRB",0.107547144,-2.587332895,0.009475023
"148","AMRC",0.136369026,-1.572054068,0.028701805
"149","AMRI",0.045249759,-0.330095441,0.023902956
"150","AMRK",0.09329115,-2.595319337,0.022322121
"151","AMSF",0.024674405,-0.27167087,0.014893669
"152","AMSG",0.019917041,0.881850887,0.014979691
"153","AMSWA",0.110449481,-1.459132184,0.021430418
"154","AMTD",0.031508576,2.854065008,0.013970599
"155","AMTX",0.124884617,-1.802860686,0.034875804
"156","AMWD",0.026312628,-0.526086528,0.018945459
"157","AMZN",0.003242432,4.960871677,0.013971873
"158","AN",0.019361247,1.808600988,0.018494437
"159","ANAC",0.038716628,0.097610394,0.028976103
"160","ANAT",0.008864189,1.108927969,0.017386784
"161","ANCB",0.048425253,-2.973416991,0.012462587
"162","ANCX",0.060215729,-1.751505937,0.008343161
"163","ANDE",0.01673896,0.529761457,0.020831103
"164","ANET",0.012794339,1.614128213,0.031643316
"165","ANF",0.029558423,0.881015674,0.021939664
"166","ANGI",0.132054889,-0.818303512,0.042585118
"167","ANGO",0.064946983,-0.602526095,0.019370003
"168","ANIK",0.026485186,-0.583976003,0.021987937
"169","ANIP",0.035288793,-1.140063918,0.035406521
"170","ANN",0.025833989,0.570955569,0.016121862
"171","ANSS",0.013280097,1.933309567,0.010484851
"172","AOL",0.023948355,1.188493551,0.016751253
"173","AOS",0.020587551,1.316013587,0.01228279
"174","AP",0.049407115,-1.556916654,0.023340554
"175","APA",0.012739912,3.399426214,0.019839077
"176","APAM",0.020073837,0.484840575,0.017706644
"177","APC",0.010931195,3.833862791,0.025468509
"178","APD",0.007823981,3.303772906,0.015112364
"179","APEI",0.035103785,-0.711241379,0.016849091
"180","APH",0.015751483,2.72311748,0.012883948
"181","APO",0.04388308,1.272916853,0.022162236
"182","APOG",0.024953348,0.147993505,0.01892531
"183","APOL",0.038697411,1.027288375,0.021358191
"184","AQXP",0.149574039,-2.640862994,0.044061129
"185","AR",0.020049339,2.569433582,0.027019936
"186","ARAY",0.141082656,-0.600684457,0.020699958
"187","ARC",0.105976132,-0.821903327,0.030107743
"188","ARCB",0.028581725,-0.095945551,0.024740257
"189","ARCW",0.08488651,-1.763149525,0.066329532
"190","ARDM",0.120280243,-2.102733932,0.032760347
"191","ARDX",0.047963631,-0.96002801,0.066780504
"192","AREX",0.087527352,-0.808442632,0.052326616
"193","ARG",0.009194924,2.092349813,0.01212334
"194","ARGS",0.108999573,-1.715662096,0.033042764
"195","ARIA",0.179547229,0.040034178,0.033391594
"196","ARII",0.015225436,0.336597679,0.034617127
"197","ARKR",0.045558375,-2.602040554,0.009198114
"198","ARL",0.188619828,-2.598946294,0.012917786
"199","ARMK",0.037858213,1.817274065,0.013110579
"200","AROW",0.038450608,-1.110182855,0.012070135
"201","ARRS",0.037557765,1.347790056,0.022048668
"202","ARTNA",0.0472483,-1.774177592,0.015933349
"203","ARTW",0.189855759,-3.849362752,0.041352455
"204","ARUN",0.04941773,0.792846763,0.022239297
"205","ARW",0.019265886,1.632697608,0.017375857
"206","ARWR",0.122431598,-0.855717207,0.070790173
"207","ASBB",0.051313755,-2.461509858,0.013144756
"208","ASBC",0.057378787,1.004517495,0.013776967
"209","ASBI",0.062234405,-3.033636942,0.033610014
"210","ASCMA",0.016058929,-0.181515486,0.015075305
"211","ASEI",0.019914972,-0.921802986,0.022173916
"212","ASFI",0.120906271,-2.231221227,0.009523227
"213","ASGN",0.035897116,0.416362611,0.017957621
"214","ASH",0.009771433,2.077356446,0.01311567
"215","ASMB",0.114345373,-2.577801144,0.028621248
"216","ASNA",0.08103014,0.693786211,0.015252064
"217","ASPN",0.102163195,-1.491389212,0.027783422
"218","ASPX",0.038488249,-0.362852572,0.02871545
"219","ASTE",0.02750275,-0.182230032,0.022676654
"220","ASYS",0.100008696,-2.318355282,0.029513924
"221","ATEN",0.197509661,-1.23880567,0.04060504
"223","ATHN",0.00822195,1.531742858,0.023275496
"224","ATI",0.03034541,1.275490582,0.024027
"225","ATK",0.007951846,1.389595794,0.017053637
"226","ATLO",0.04313902,-1.533676917,0.020716763
"227","ATML",0.138433296,1.101291148,0.025311391
"228","ATNI",0.01702638,-0.069172955,0.013302648
"229","ATNM",0.148771022,-1.664303975,0.041168609
"230","ATO",0.020065081,1.608875829,0.01108052
"231","ATR",0.016768737,1.35715473,0.014554156
"232","ATRA",0.063839974,-1.211103464,0.08635237
"233","ATRC",0.066120454,-0.879859942,0.031647573
"234","ATRI",0.003209337,-0.500429243,0.012923497
"235","ATRO",0.021806632,-0.443417854,0.02657977
"236","ATSG",0.132894205,-0.716960096,0.022361571
"237","ATU",0.033223551,0.724140513,0.014446178
"238","ATVI",0.051423653,2.636970259,0.017063905
"239","ATW",0.024428843,0.968025656,0.023221727
"240","AUBN",0.041664229,-2.43689108,0.0054638
"241","AUMA",0.105745506,-1.259844676,0.10232597
"242","AUXL",0.032311993,0.453714603,0.012504746
"243","AVA",0.030139428,0.758648085,0.012201545
"244","AVAV",0.034522871,-0.398600257,0.020339964
"245","AVD",0.096886979,-1.204834319,0.02780112
"246","AVHI",0.06786863,-1.122907012,0.021848593
"247","AVNR",0.084869283,0.824243549,0.036128657
"248","AVP",0.088550089,1.590212445,0.020767943
"249","AVT",0.024901746,1.712553716,0.015776194
"250","AVX",0.077253796,0.776218904,0.016713847
"251","AVY",0.022781074,1.412655541,0.013293833
"252","AWAY",0.029718258,1.153560253,0.019154693
"253","AWI",0.020281472,0.992702996,0.01898905
"254","AWK",0.019896194,2.197153958,0.010687554
"255","AWR",0.030396342,0.240500706,0.015338973
"256","AXDX",0.040169059,0.099030535,0.050961886
"257","AXE",0.012178849,0.989031692,0.016785267
"258","AXL",0.057215354,0.280097047,0.018551122
"259","AXLL",0.026326935,0.979506369,0.023520349
"260","AXP",0.011698464,4.492917477,0.011868352
"261","AYI",0.007585552,1.739396878,0.016940401
"262","AZO",0.001916119,2.824036011,0.010490396
"263","AZPN",0.027412934,1.194555523,0.020315632
"264","AZZ",0.02300138,0.108561385,0.018548
"265","B",0.030849294,0.564290812,0.015091809
"266","BA",0.008112388,4.486128017,0.011816759
"267","BABY",0.031587332,0.01890383,0.021826894
"268","BAC",0.059978616,5.166388223,0.011619311
"270","BAH",0.039850301,1.290063652,0.014138049
"271","BANC",0.08682194,-1.139975648,0.016025673
"272","BANF",0.01562309,-0.011204871,0.013681259
"273","BANR",0.025186434,-0.25312544,0.015947147
"274","BAS",0.065725553,-0.432940059,0.051377754
"275","BAX",0.014254991,3.63730443,0.009703522
"276","BBBY",0.015330267,2.491620974,0.010552951
"277","BBCN",0.070307365,0.122224042,0.016120797
"278","BBG",0.061095468,-0.215021798,0.041543443
"279","BBGI",0.188447358,-3.375865353,0.031070218
"280","BBNK",0.043287599,-0.994246164,0.018786054
"281","BBOX",0.044475384,-1.058058636,0.02937227
"282","BBRG",0.076058201,-1.410306221,0.015872993
"283","BBSI",0.025372731,-1.290074517,0.04559584
"284","BBT",0.02712936,3.277863216,0.009317531
"285","BBW",0.07127142,-1.418671363,0.028122301
"286","BBX",0.058016345,-1.222938094,0.022861864
"287","BBY",0.031212257,2.415312325,0.0208341
"288","BC",0.023459334,1.374736128,0.015800785
"289","BCBP",0.07919273,-2.245496208,0.020286068
"290","BCC",0.032078998,0.202843679,0.022439408
"291","BCEI",0.022758082,0.589506742,0.045202888
"292","BCO",0.044478824,0.087213182,0.020444051
"293","BCOR",0.064355466,-0.452233862,0.017606411
"294","BCOV",0.183588761,-1.73991555,0.026880226
"295","BCPC",0.017380725,0.566962288,0.018844942
"296","BCR",0.006613643,2.422889552,0.010869627
"297","BCRX",0.086735175,-0.189947418,0.049042101
"298","BDBD",0.089991392,-0.400729067,0.040208041
"299","BDC",0.015783262,1.006502289,0.017548986
"300","BDE",0.129409779,-1.376982806,0.029829057
"301","BDGE",0.041024543,-1.259977615,0.01775804
"302","BDL",0.050269763,-3.298127071,0.022600419
"303","BDMS",0.062041015,-3.511366793,0.018235543
"304","BDSI",0.060641215,-0.183243681,0.034960928
"305","BDX",0.008053447,3.169920297,0.009679898
"306","BEAT",0.140655577,-1.66495877,0.026932292
"307","BEAV",0.013046055,2.091441562,0.021004024
"308","BECN",0.03871565,0.24287019,0.016307425
"309","BELFA",0.044531123,-3.020714026,0.019979487
"310","BELFB",0.040586564,-1.432795561,0.027073863
"311","BEN",0.018885121,3.499220061,0.01173504
"312","BERY",0.040970466,1.053000783,0.015978582
"313","BF",0.011429707,2.211767653,0.011458281
"314","BFAM",0.023499842,1.032591737,0.012694034
"315","BFIN",0.090898312,-1.461006034,0.017908356
"316","BGC",0.072844746,-0.404246292,0.029156561
"317","BGCP",0.132225704,0.337017346,0.019217129
"318","BGFV",0.098558053,-1.494482812,0.021017952
"319","BGG",0.054048973,-0.166743916,0.016666513
"320","BGS",0.035262553,0.419604962,0.015063869
"321","BGSF",0.082987552,-2.694496469,0.034897189
"322","BH",0.003016544,-0.378722137,0.018504478
"323","BHB",0.034472939,-1.760023758,0.016786073
"324","BHBK",0.075620582,-0.977014352,0.009770241
"325","BHE",0.045557184,0.166760323,0.014912169
"326","BHI",0.017972962,3.183721197,0.023728393
"327","BHLB",0.042045995,-0.513673698,0.012063374
"328","BID",0.02688172,0.9420361,0.016226038
"329","BIG",0.022480696,0.913298371,0.014419882
"330","BIIB",0.003164152,4.312289289,0.020578319
"331","BIND",0.121990093,-1.99865137,0.036622008
"332","BIO",0.008903685,0.2115042,0.015560377
"333","BIOA",0.113765643,-1.653536396,0.048319258
"335","BIOS",0.159844326,-0.846974207,0.027315363
"336","BJRI",0.027027027,-0.012399622,0.023407432
"337","BK",0.026807464,3.742185504,0.011648461
"338","BKCC",0.11656193,-0.447032693,0.011874354
"339","BKD",0.030964337,1.770876856,0.01568363
"340","BKE",0.021448621,0.812939561,0.015214578
"341","BKH",0.019917904,0.806027262,0.014729997
"342","BKJ",0.086998919,-2.785605759,0.014600403
"343","BKMU",0.15643598,-1.211908264,0.014284355
"344","BKS",0.050626224,0.169733426,0.0236621
"345","BKSC",0.067550878,-2.717692845,0.010878858
"346","BKU",0.033830992,1.099684887,0.013517549
"347","BKW",0.033045027,2.364878956,0.015338151
"348","BKYF",0.021867691,-1.045649469,0.008024113
"349","BLDR",0.184687036,-0.633658771,0.030289492
"350","BLK",0.003120396,3.973992953,0.012490078
"351","BLKB",0.025097937,0.611429608,0.014492113
"352","BLL",0.015531306,2.187176831,0.01202284
"353","BLMN",0.054336912,0.837984898,0.018523105
"354","BLMT",0.054033418,-1.785504373,0.011709272
"355","BLOX",0.067794612,-0.207921472,0.024418653
"356","BLT",0.068235085,-0.321795691,0.014283131
"357","BLUE",0.027474496,0.039696787,0.03749511
"358","BLVD",0.103727422,-1.325303902,0.009650771
"359","BMI",0.019342685,-0.293076709,0.01819249
"360","BMRC",0.021319392,-1.279848974,0.012449292
"361","BMRN",0.013552291,2.384556344,0.020467143
"362","BMS",0.026154196,1.339833665,0.014671549
"363","BMTC",0.034219571,-0.913429029,0.019947186
"364","BMY",0.019350334,4.449346534,0.013476694
"365","BNCL",0.076474207,-0.017516974,0.01170615
"366","BNCN",0.061077622,-0.729198696,0.019234599
"367","BNFT",0.039592371,-0.440679607,0.047070749
"368","BNK",0.058110157,-1.291702752,0.0161661
"370","BOBE",0.021006293,0.11578554,0.013570894
"371","BOCH",0.16717048,-2.531818779,0.008095956
"372","BOFI",0.014258437,0.034363443,0.018046794
"373","BOH",0.017866576,0.906579999,0.011983595
"374","BOKF",0.015142537,1.521279103,0.011017544
"376","BONT",0.11320569,-1.844698113,0.03005014
"377","BOOM",0.057270916,-1.410925465,0.023202837
"378","BOOT",0.056818182,-0.823860912,0.051378679
"379","BOTJ",0.109339027,-3.481752408,0.007970049
"380","BPFH",0.081596452,-0.013309579,0.013611342
"381","BPI",0.085454208,-0.636690207,0.019532754
"382","BPOP",0.034075589,1.109382795,0.015167222
"383","BR",0.024246513,1.594861587,0.010486147
"384","BRC",0.045096271,0.05585932,0.015171898
"385","BRCD",0.099945682,1.462207848,0.019908462
"386","BRCM",0.026128495,3.030939905,0.01600153
"387","BRDR",0.090086561,-1.044333932,0.038233492
"388","BREW",0.062143687,-1.183608006,0.034655474
"389","BRID",0.120132668,-2.5783019,0.023243046
"390","BRKL",0.111052098,-0.451886271,0.013212806
"391","BRKR",0.05133814,1.187799827,0.014994068
"392","BRKS",0.092449304,-0.325023057,0.019855024
"393","BRLI",0.034888924,-0.230063157,0.018849195
"394","BRO",0.03147279,1.524174938,0.008335006
"395","BRS",0.014492662,0.897136993,0.018385627
"396","BRSS",0.071375372,-1.20727915,0.015053194
"397","BSET",0.06167708,-1.773126171,0.016869715
"398","BSF",0.112319276,-1.319223812,0.015670607
"399","BSFT",0.048474119,-0.521553271,0.019387478
"400","BSRR",0.059565431,-1.459891319,0.021845815
"401","BSTC",0.026952283,-1.424440513,0.029606102
"402","BSX",0.082025678,2.781328878,0.013751831
"403","BTH",0.124196771,-2.04643167,0.020487586
"404","BTU",0.093155124,1.068452545,0.036656358
"405","BURL",0.025469807,1.068607267,0.015678372
"406","BUSE",0.172594927,-0.687420688,0.017386757
"407","BV",0.13906524,-0.577137656,0.020744385
"408","BVSN",0.12160221,-3.228287502,0.016887248
"409","BWA",0.01840427,2.517767247,0.017948353
"410","BWC",0.03485852,1.125585309,0.012200807
"411","BWEN",0.135095448,-2.211942911,0.034587208
"412","BWFG",0.052384031,-2.002957501,0.014986033
"413","BWINA",0.041581169,-2.763423659,0.008522473
"414","BWINB",0.039061837,-1.151788315,0.016674885
"415","BWL",0.069202091,-2.91650941,0.016732347
"416","BWLD",0.007499552,0.923672681,0.018522366
"417","BWS",0.036982249,0.166671433,0.019903986
"418","BXS",0.048111116,0.690158593,0.015240193
"419","BYD",0.099172128,0.087010682,0.031314492
"421","BYLK",0.084868844,-2.228998362,0.007123024
"422","BZC",0.098707193,-2.314438986,0.026202635
"423","BZH",0.057762821,-0.770052301,0.024675271
"424","C",0.019459368,5.048326196,0.011898768
"425","CA",0.036778815,2.487282467,0.013225647
"426","CAAS",0.110683349,-1.373059553,0.025212972
"427","CAB",0.018209889,1.3581535,0.015753963
"428","CAC",0.026969981,-1.291387547,0.019631468
"429","CACB",0.19684197,-0.999335343,0.018241739
"430","CACC",0.007682647,1.011486701,0.012311777
"431","CACG",0.104684638,-2.483825586,0.106034244
"432","CACI",0.013854921,0.528375171,0.010758851
"433","CACQ",0.108123355,0.226740383,0.023393628
"434","CAG",0.029655226,2.661966683,0.009921039
"435","CAH",0.013201093,3.236985513,0.010255389
"436","CAKE",0.022023584,0.808363202,0.015145422
"437","CALA",0.10802848,-1.806572147,0.075235371
"438","CALD",0.078192728,-0.476552164,0.024398532
"439","CALM",0.01147613,0.639631139,0.01911411
"440","CALX",0.110169086,-0.773773089,0.026363967
"441","CAM",0.016846238,2.486598806,0.022686659
"442","CAMB",0.102643059,-2.276558631,0.005224805
"443","CAMP",0.055772448,-0.434519538,0.033163481
"444","CAP",0.050892837,-0.880869341,0.014599707
"445","CAR",0.01917114,1.690842627,0.030450054
"446","CARA",0.121365627,-1.674083777,0.038184528
"447","CARB",0.097136582,-1.282337092,0.027501967
"448","CARO",0.038120456,-2.242515818,0.012665464
"449","CART",0.1967083,-3.748341046,0.014695204
"450","CARV",0.121818743,-3.497270699,0.038476509
"451","CAS",0.138030367,-1.773772175,0.028927255
"452","CASH",0.027409341,-1.491485348,0.016718147
"453","CASS",0.023102343,-0.697365498,0.028674856
"454","CASY",0.013017812,1.087670781,0.014181756
"455","CAT",0.010367786,4.101549911,0.013520701
"456","CATM",0.028371944,0.450036625,0.019062118
"457","CATO",0.028739223,-0.093651703,0.015411617
"458","CATY",0.040217524,0.683630656,0.014778797
"459","CAVM",0.021837378,0.901375305,0.032328224
"460","CB",0.010621251,3.118608648,0.008553553
"461","CBAN",0.147535105,-2.861448519,0.019817736
"462","CBAY",0.124062787,-2.13554363,0.050292142
"463","CBF",0.041247097,-0.315136084,0.016130675
"464","CBG",0.033719396,2.286788144,0.013691452
"465","CBIN",0.037592516,-2.389620327,0.00776435
"466","CBK",0.144002004,-1.372900952,0.029791284
"467","CBM",0.054863795,-0.582677586,0.027074236
"468","CBMG",0.059961401,-1.800516613,0.03137999
"469","CBNJ",0.109148909,-2.252652054,0.010766381
"470","CBNK",0.069668891,-2.574251898,0.016648121
"471","CBOE",0.017852777,1.554815695,0.013390182
"472","CBPO",0.018600739,0.280475788,0.027072856
"473","CBPX",0.071778548,-0.48838901,0.02267125
"474","CBRL",0.009293793,0.943800989,0.012298255
"475","CBRX",0.171087799,-2.765794232,0.019281049
"476","CBS",0.019001198,1.98025717,0.011162644
"477","CBSH",0.022983796,1.38465496,0.012083733
"479","CBST",0.014933271,1.625653008,0.021809943
"480","CBT",0.02128585,1.108955366,0.020210049
"481","CBU",0.028774458,0.345774922,0.014128339
"482","CBZ",0.118477309,-0.877265367,0.017396966
"483","CCBG",0.070051473,-1.391914038,0.028101647
"484","CCC",0.051130427,0.039345048,0.013806892
"485","CCE",0.023675705,2.337894571,0.014567868
"486","CCF",0.030230143,-1.199272074,0.021188051
"487","CCK",0.021937982,1.844862603,0.013537982
"488","CCMP",0.022912246,0.035445886,0.015929667
"489","CCNE",0.05931504,-1.418558221,0.018285512
"490","CCO",0.148646029,-1.203512451,0.018324217
"491","CCOI",0.031460736,0.388789645,0.01723594
"492","CCRN",0.107562082,-1.236242176,0.025322091
"493","CCS",0.05853162,-1.002595989,0.024364565
"494","CCUR",0.137345412,-2.709660518,0.020986202
"495","CCXI",0.195478497,-1.513389784,0.038386559
"496","CDI",0.064215317,-1.187230439,0.020613944
"497","CDK",0.034800239,1.525676585,0.028071509
"498","CDNA",0.159588567,-2.609119133,0.034103798
"499","CDNS",0.059060678,1.600021724,0.018279912
"500","CDW",0.033692476,1.630462713,0.013205377
"501","CDZI",0.103725083,-1.857139553,0.036700636
"502","CE",0.017949819,2.156067961,0.017918089
"503","CEB",0.016295184,0.725123869,0.016040694
"504","CECE",0.076343479,-1.087914529,0.02087685
"505","CECO",0.190752644,-1.043055651,0.028792584
"506","CELG",0.010478646,4.332360304,0.019197087
"507","CEMP",0.081289319,-0.852202748,0.03506219
"508","CENT",0.135317997,-2.388246982,0.02225233
"509","CENTA",0.127296878,-1.240022407,0.022293153
"510","CENX",0.040039692,0.794753718,0.037685454
"511","CERN",0.016851854,3.008056424,0.01367087
"512","CEVA",0.072955656,-1.28622221,0.028992707
"513","CF",0.003823189,2.563570544,0.021355387
"514","CFFI",0.0297054,-2.166793392,0.013008091
"515","CFFN",0.081847621,0.543343612,0.01080572
"516","CFG",0.043907375,2.54557908,0.014762315
"517","CFI",0.054729328,-1.499886012,0.016991433
"518","CFN",0.018021548,2.42090175,0.005594604
"519","CFNB",0.067485174,-1.864401467,0.009106788
"520","CFNL",0.056834328,-0.574245209,0.015746168
"521","CFR",0.01314759,1.566086461,0.010433427
"522","CFX",0.018405153,1.904308888,0.020369838
"523","CGI",0.051643614,-0.782176365,0.023086448
"524","CGIX",0.133913158,-2.626666961,0.042239787
"525","CGNX",0.026396428,1.192759614,0.021635221
"526","CHCO",0.023330358,-0.418997885,0.014698648
"527","CHD",0.014275961,2.236511608,0.008235458
"528","CHDN",0.010187584,0.530475665,0.012161835
"529","CHE",0.009843109,0.562994614,0.011830804
"530","CHEF",0.058935069,-0.856496859,0.02709921
"531","CHEV",0.07916678,-2.468266504,0.004172084
"532","CHFC",0.036545642,-0.110036034,0.013935561
"533","CHFN",0.091056653,-1.606861526,0.007889348
"534","CHGG",0.163039626,-0.667522718,0.026731703
"535","CHH",0.019356033,1.104237813,0.016072634
"536","CHK",0.048292949,2.621120063,0.027693865
"537","CHKE",0.058510774,-1.938471028,0.017586921
"538","CHMG",0.035438602,-2.037688257,0.011604003
"539","CHMT",0.04408326,0.7171295,0.017521875
"540","CHRW",0.01471967,2.298111571,0.014124138
"541","CHS",0.066905198,0.825658566,0.015287694
"542","CHTR",0.006630325,2.801559717,0.015263712
"543","CHUY",0.032732293,-0.689134741,0.022115997
"544","CI",0.010962874,3.179916489,0.012908059
"545","CIA",0.151395471,-1.127408294,0.030919624
"546","CIE",0.087114613,1.550766072,0.036116295
"547","CIEN",0.06317987,0.521378927,0.024036874
"548","CIFC",0.110502546,-1.475244453,0.015416327
"549","CINF",0.020965985,2.051424484,0.009221515
"550","CIR",0.015271129,0.145224291,0.017342124
"551","CIT",0.021730709,2.144198617,0.013260706
"552","CIVI",0.068928315,-0.627094542,0.030397418
"553","CIX",0.0939908,-3.666825172,0.017001737
"554","CIZN",0.052775498,-2.381362286,0.005854831
"555","CJES",0.045981607,0.174638582,0.043588562
"556","CKEC",0.033051201,-0.303258386,0.022124022
"557","CKH",0.012964758,0.421247384,0.016691951
"558","CKP",0.080532213,-0.65880813,0.021103168
"559","CKX",0.06270895,-3.474810814,0.017661563
"560","CL",0.015360983,4.085060933,0.008656656
"561","CLAC",0.103189914,-1.418631891,0.003009444
"562","CLBH",0.102520671,-3.396081908,0.008162314
"563","CLC",0.016110955,1.13444174,0.012506172
"564","CLCT",0.043475795,-1.592833632,0.020303835
"565","CLD",0.089766607,-0.38873077,0.030923733
"566","CLDN",0.099366603,-1.451409336,0.027486242
"567","CLDX",0.068689523,0.259120983,0.040730721
"568","CLF",0.109942639,0.324886178,0.069608214
"569","CLFD",0.07762403,-1.735616399,0.032787603
"570","CLGX",0.035713731,0.934044077,0.0139463
"571","CLH",0.020218003,1.098036445,0.015849922
"572","CLIR",0.161121744,-2.814297462,0.050459754
"573","CLMS",0.081993512,-1.518217108,0.023965918
"574","CLNE",0.150287507,-0.514989856,0.053272366
"575","CLR",0.017295314,3.067296802,0.030858831
"576","CLRO",0.120514755,-2.580411545,0.022966707
"577","CLUB",0.167345751,-1.930210668,0.0347363
"578","CLVS",0.019919111,0.528403035,0.033423256
"579","CLW",0.015614498,0.236986815,0.017004646
"580","CLX",0.010257142,2.533313249,0.008367784
"581","CMA",0.021492716,2.128618028,0.013097355
"582","CMC",0.062996439,0.625096503,0.020898096
"583","CMCO",0.043582893,-0.788079688,0.028157838
"584","CMCSA",0.018901883,4.733725182,0.01333183
"585","CMCSK",0.018957971,3.089232215,0.012785491
"586","CME",0.01240484,3.299469245,0.011944251
"587","CMFN",0.078632479,-1.750665311,0.027187379
"588","CMG",0.001550265,2.995606848,0.012303841
"589","CMI",0.007454052,3.204486944,0.01449908
"590","CMN",0.026455635,0.447443046,0.022081114
"591","CMP",0.011905686,1.03628047,0.012077637
"592","CMRX",0.031867431,0.132209523,0.051398364
"593","CMS",0.032158837,2.149489767,0.01069645
"594","CMSB",0.077437193,-3.727313368,0.003569789
"595","CMT",0.073305581,-2.25800223,0.015747558
"596","CMTL",0.02756257,-0.532932582,0.019779158
"597","CNA",0.026498001,2.320929258,0.009243885
"598","CNAT",0.143803926,-2.228013245,0.042843637
"599","CNBKA",0.027654202,-2.039324237,0.012745032
"600","CNC",0.012175625,1.569890713,0.018874699
"601","CNCE",0.07427741,-1.408399898,0.038249494
"602","CNK",0.030391522,1.336243302,0.014770197
"603","CNL",0.01974215,1.116620773,0.010795938
"604","CNMD",0.025188365,0.088028534,0.016390884
"605","CNO",0.058819016,1.283733643,0.013773842
"606","CNOB",0.054205652,-0.602896811,0.014108455
"607","CNP",0.041821223,2.32945679,0.01387619
"608","CNQR",0.007827629,1.986693113,0.001984051
"609","CNS",0.025133041,0.576895353,0.018539848
"610","CNSI",0.047804128,-0.761126151,0.014098688
"611","CNSL",0.038306519,0.156580875,0.0178911
"612","CNTY",0.189612531,-2.051516342,0.018139164
"613","CNVR",0.029078588,0.794143199,0.006994609
"614","CNW",0.022958674,0.917754515,0.017795612
"615","CNX",0.028784541,2.078264045,0.021346242
"616","COB",0.10866484,-1.609892907,0.028196654
"617","COBK",0.076561012,-2.987497239,0.006885201
"618","COBZ",0.086799004,-0.757721664,0.015705205
"619","CODE",0.054759297,0.105462999,0.035076502
"620","COF",0.012489615,3.804922692,0.009906106
"621","COG",0.032501943,2.551592116,0.024298712
"622","COH",0.028661865,2.262864556,0.014836855
"623","COHR",0.016809425,0.394225587,0.019740886
"624","COHU",0.090945038,-1.271807253,0.030779323
"625","COKE",0.012330522,-0.547691752,0.017114506
"626","COL",0.012896714,2.348334768,0.01033658
"627","COLB",0.039346169,0.291108832,0.014791557
"628","COLM",0.027749961,0.924325964,0.014407739
"629","COMM",0.044383551,1.440718583,0.025396205
"630","CONN",0.032990992,0.093109949,0.033628924
"631","COO",0.006459604,2.010984349,0.011656809
"632","COP",0.014132799,4.465161714,0.016122572
"633","CORE",0.018553325,0.218619717,0.015398744
"634","CORI",0.178483434,-2.294439926,0.029507163
"635","COST",0.007794417,4.027973904,0.009240957
"636","COTY",0.061160453,0.390477516,0.014813602
"637","COUP",0.075370298,0.027938467,0.032246185
"638","CPB",0.023427076,2.59607797,0.00824083
"639","CPE",0.150780123,-1.045504134,0.05929578
"640","CPF",0.055307074,-0.43227409,0.014919756
"641","CPHC",0.102909014,-3.199802228,0.021224883
"642","CPHD",0.02141886,1.187629658,0.021927288
"643","CPK",0.022549462,-0.437767778,0.016556464
"644","CPLA",0.01541958,-0.232202451,0.020209891
"645","CPN",0.046432753,2.159304425,0.015176922
"646","CPRT",0.031426346,1.390170109,0.012327339
"647","CPS",0.017771459,-0.040346128,0.019114445
"648","CPSI",0.016335343,-0.377038793,0.0162847
"649","CPSS",0.146800702,-1.756836793,0.021059288
"650","CPTA",0.055190949,-1.447898288,0.013222996
"651","CPWR",0.097674912,0.815501669,0.007107697
"652","CQB",0.072204433,-0.430666142,0.014127045
"653","CQH",0.041786272,1.712240395,0.021802906
"654","CR",0.016578966,1.268624051,0.014949692
"655","CRAI",0.037192755,-1.360503821,0.021719214
"656","CRAY",0.035713177,0.126659785,0.029206394
"657","CRCM",0.122242891,-1.360378663,0.022162818
"658","CRD",0.118628551,-1.467497445,0.01984101
"659","CREE",0.031065548,1.344283621,0.028715574
"660","CRI",0.012589839,1.439549405,0.01722712
"661","CRK",0.074641397,-0.456701762,0.046949885
"662","CRL",0.016479068,1.040585909,0.016460469
"663","CRM",0.0174286,3.568769033,0.018065204
"664","CRMT",0.023813468,-1.027093664,0.018661364
"665","CROX",0.082774009,0.000469687,0.019247833
"666","CRR",0.01871227,0.210001169,0.042329712
"667","CRRC",0.077878983,-1.913486851,0.016190164
"668","CRS",0.022104545,0.876845407,0.021103725
"669","CRUS",0.049155277,0.249809705,0.02673446
"670","CRVL",0.030139033,-0.375675672,0.016683082
"671","CRWS",0.13511132,-2.595929251,0.017001992
"672","CRY",0.096250418,-1.237654886,0.020473177
"673","CRZO",0.020946127,0.786899492,0.03708841
"674","CSBK",0.078608291,-1.08077065,0.009023232
"675","CSC",0.017157393,2.134402096,0.011594778
"676","CSCD",0.098665866,-1.796365101,0.031586312
"677","CSCO",0.041835677,4.803077355,0.010921416
"678","CSFL",0.093549174,-0.727900045,0.016331295
"679","CSGP",0.006789808,1.560281747,0.021815749
"680","CSGS",0.038623654,-0.112249983,0.015854008
"681","CSH",0.022524728,0.247593407,0.015951736
"682","CSII",0.037292258,-0.17196737,0.028002559
"683","CSL",0.012339519,1.646521035,0.013848496
"684","CSLT",0.084147368,-1.88661688,0.034687319
"685","CSOD",0.029823651,0.583758093,0.03360556
"686","CSPI",0.131214205,-3.591207669,0.024289241
"687","CSS",0.037323121,-1.390402239,0.022842781
"688","CST",0.027576946,1.008376288,0.011310506
"689","CSU",0.046125461,-0.46223181,0.013126068
"690","CSV",0.05440439,-1.079288715,0.017964577
"691","CSX",0.030175411,3.498739492,0.016616501
"692","CTAS",0.014290063,2.102168569,0.011325763
"693","CTB",0.033642454,0.636075685,0.01498662
"694","CTBI",0.029099558,-0.512650447,0.012472067
"695","CTCM",0.174334875,-0.116895886,0.038419205
"696","CTCT",0.034102114,-0.072066817,0.023601707
"697","CTG",0.098598191,-1.676404609,0.02621596
"698","CTL",0.025001087,3.126720205,0.010661186
"699","CTLT",0.040617384,1.060286793,0.022837268
"700","CTO",0.020608026,-1.259781595,0.017566695
"701","CTP",0.063514857,-2.177894687,0.048227182
"702","CTRL",0.07601798,-1.159681231,0.033254495
"703","CTRN",0.046594546,-1.096030353,0.020168591
"704","CTS",0.060590095,-0.590766524,0.016614633
"705","CTSH",0.022276137,3.307696034,0.013500921
"706","CTWS",0.029132731,-0.964652429,0.013350004
"707","CTXS",0.015255176,2.370431948,0.013026581
"708","CUB",0.021507588,0.219473111,0.012257339
"709","CUBI",0.054947024,-0.720805243,0.016303386
"710","CUDA",0.034965035,0.385451489,0.031797941
"711","CUI",0.143992988,-1.940780544,0.037555588
"712","CUNB",0.05198915,-1.532380897,0.011182348
"713","CUO",0.062155124,-3.629295066,0.016089653
"714","CUTR",0.098345235,-1.921998137,0.019850081
"715","CVA",0.047096404,1.022412743,0.009213644
"716","CVBF",0.069168772,0.424358958,0.018200676
"717","CVC",0.055889,1.356015109,0.014819737
"718","CVCO",0.014397045,-0.486712915,0.030116118
"719","CVCY",0.091679489,-2.122506494,0.0127531
"720","CVD",0.012675389,1.494879149,0.013662687
"721","CVEO",0.080284837,0.284122034,0.029714549
"722","CVG",0.054368381,0.619505988,0.012111906
"723","CVGI",0.16781584,-1.732886789,0.032269124
"724","CVGW",0.021977812,-0.328862987,0.019309461
"725","CVI",0.022762812,1.337659713,0.021767479
"726","CVLT",0.02163474,0.745984571,0.023628639
"727","CVLY",0.048434788,-2.157778362,0.020005546
"728","CVR",0.032100327,-3.503695207,0.019317107
"729","CVS",0.012164035,4.555728629,0.009953034
"730","CVT",0.041463854,0.018338185,0.027451666
"731","CVTI",0.052667735,-1.433217273,0.042071227
"732","CVU",0.104147752,-2.508030016,0.020734716
"733","CVV",0.089187732,-2.676469388,0.028036191
"734","CVX",0.008692399,5.386286068,0.012869292
"735","CW",0.014999739,1.165475759,0.014625466
"736","CWAY",0.092269427,-2.925550775,0.00729217
"737","CWBC",0.163047832,-2.989774462,0.007136093
"738","CWEI",0.012382567,-0.022187201,0.054183421
"739","CWT",0.041704442,0.135793518,0.014898086
"740","CXDC",0.187296417,-1.338643921,0.030454652
"741","CXO",0.009178156,2.508515063,0.029974765
"742","CY",0.10741891,0.404381816,0.025278701
"743","CYBE",0.104485281,-2.75916132,0.045218107
"744","CYBX",0.019710344,0.298769322,0.01330926
"745","CYH",0.018419008,1.836132859,0.024134724
"746","CYN",0.013525593,1.402227897,0.012747903
"747","CYNO",0.046738468,-0.775308551,0.021995033
"748","CYT",0.02210327,1.178104407,0.013281597
"749","CZFC",0.084580435,-3.760573371,0.0115181
"750","CZNC",0.051214679,-1.423389217,0.012624318
"751","CZR",0.088655899,0.482569741,0.044020306
"752","CZWI",0.113526707,-3.089764528,0.005874559
"753","D",0.014306063,3.706780986,0.011834583
"754","DAKT",0.0813828,-0.631715782,0.016572825
"755","DAL",0.027696161,3.41255895,0.025148969
"756","DAN",0.053173044,1.07591423,0.021773593
"757","DAR",0.057069128,1.059253724,0.01381209
"758","DATA",0.01374669,1.105636751,0.03262096
"759","DAVE",0.038969841,-1.70059313,0.025461032
"760","DBD",0.02840453,0.821150677,0.017474481
"761","DCI",0.02533821,1.697107141,0.011874702
"762","DCO",0.036653386,-1.213770563,0.024671894
"763","DCOM",0.068218894,-0.616095102,0.015105144
"764","DD",0.014683163,4.131817873,0.010559177
"765","DDD",0.024709661,1.490543358,0.026030366
"766","DDS",0.009547292,1.408766471,0.016561577
"767","DE",0.012003862,3.396266004,0.011320956
"768","DECK",0.011391383,1.111346138,0.023864134
"769","DEL",0.015435931,-0.204992694,0.01586183
"770","DENN",0.13069667,-0.43447337,0.020056275
"771","DEPO",0.067363735,-0.137835427,0.022923094
"772","DERM",0.067532802,-1.24126508,0.044366286
"773","DEST",0.066693731,-1.582568931,0.02571129
"774","DF",0.073267074,0.24560362,0.019670768
"775","DFRG",0.047720812,-0.713663015,0.020574716
"776","DFS",0.015864257,3.37035537,0.010771016
"777","DG",0.016376634,2.918930059,0.011772756
"778","DGAS",0.04953587,-1.95601977,0.010039612
"779","DGI",0.03488866,0.771358244,0.019813856
"780","DGICA",0.063466659,-1.07011051,0.015601603
"781","DGICB",0.043442128,-2.053325908,0.08596595
"782","DGII",0.128448565,-1.661950156,0.025379047
"783","DGLY",0.074426431,-3.2138861,0.068407094
"784","DGX",0.016486628,2.169590481,0.013097349
"785","DHI",0.046501284,2.057397069,0.018890603
"786","DHIL",0.008186044,-0.905077171,0.021691749
"787","DHR",0.013257401,3.967015847,0.010998915
"788","DHX",0.11803346,-0.779159479,0.014644715
"789","DIN",0.0120626,0.495927273,0.013871048
"790","DIOD",0.043403597,0.090277246,0.022994674
"791","DIS",0.011497356,5.005543543,0.01262182
"792","DISCA",0.027960466,1.667694709,0.019641775
"793","DISCB",0.027555312,-1.382532291,0.01029745
"794","DISCK",0.028288369,2.329899015,0.019503661
"795","DISH",0.016233995,2.616881386,0.016069314
"796","DIT",0.012105984,-2.999755002,0.014993681
"797","DJCO",0.005448675,-1.372943528,0.009731672
"798","DK",0.03174647,0.643473779,0.029533252
"799","DKS",0.022738957,1.44358878,0.01381903
"800","DLA",0.103981591,-2.581623864,0.032155828
"801","DLB",0.024842842,0.683534568,0.014037736
"802","DLTR",0.017472026,2.465117263,0.011328154
"803","DLX",0.017823792,1.025711158,0.015276291
"804","DMD",0.131956397,-1.912816409,0.029987467
"805","DMND",0.035104857,-0.112441247,0.020658777
"806","DMRC",0.040062009,-1.655463682,0.039320853
"807","DNB",0.008502804,1.452977417,0.010980277
"808","DNBF",0.046550384,-2.821030789,0.009257935
"809","DNKN",0.022135072,1.552454227,0.013348246
"810","DNOW",0.034919912,1.119870642,0.021377804
"811","DNR",0.077744727,1.509286662,0.027615757
"812","DO",0.02717873,1.617097917,0.031869722
"813","DORM",0.023067125,0.435529258,0.020246905
"814","DOV",0.012997655,2.54963387,0.014195421
"815","DOW",0.020933259,4.042334228,0.020297004
"816","DPLO",0.05160458,-0.029139839,0.044250874
"817","DPRX",0.097614679,-2.437428593,0.020503322
"818","DPS",0.015325568,2.543488157,0.01191654
"819","DPZ",0.012055518,1.518084141,0.00968786
"820","DRC",0.012274064,1.831522809,0.005042737
"821","DRI",0.019999826,1.891102907,0.012301002
"822","DRII",0.044768856,0.521412451,0.02161639
"823","DRIV",0.053429972,-0.538529049,0.021798219
"824","DRL",0.176191206,-3.281173409,0.063436968
"825","DRNA",0.092414015,-1.658379191,0.037537598
"826","DRQ",0.011481801,1.246422963,0.021260542
"828","DSCI",0.11385575,-1.506628032,0.02537194
"829","DSPG",0.106437133,-1.597988842,0.021618277
"830","DST",0.011492702,1.23851664,0.011375786
"831","DSW",0.032949401,0.904111546,0.014993021
"832","DTE",0.012681819,2.635695447,0.011122372
"833","DTLK",0.090054816,-1.377169196,0.028693569
"834","DTSI",0.036483325,-0.756200028,0.020804023
"835","DTV",0.011677231,3.761305114,0.007268728
"836","DUK",0.012756941,4.014925188,0.009832294
"837","DV",0.022315365,1.048165207,0.016533205
"838","DVA",0.013374737,2.776048118,0.009090021
"839","DVCR",0.086981383,-2.64893214,0.03856399
"840","DVN",0.016602063,3.202872794,0.020319547
"841","DW",0.02267842,0.04051554,0.01620288
"842","DWA",0.043899832,0.564344294,0.028937039
"843","DWCH",0.100342473,-2.207044674,0.031106678
"844","DWRE",0.018338091,0.676520306,0.039906647
"845","DWSN",0.05701961,-1.956311843,0.024169654
"846","DXCM",0.023714518,1.169225536,0.023293364
"847","DXM",0.122372972,-1.93829329,0.036581897
"848","DXPE",0.015273309,-0.057391508,0.023491368
"849","DXR",0.15781323,-3.657908592,0.013487387
"850","DXYN",0.126833572,-2.136378776,0.04084252
"851","DY",0.034906663,-0.02725692,0.020194696
"852","DYAX",0.096029393,0.348198943,0.035247894
"853","DYN",0.033989478,1.090741792,0.025467603
"854","EA",0.028014616,2.408049569,0.018770946
"855","EAC",0.073376934,-1.671952195,0.033846291
"856","EAGL",0.101997827,-0.920571562,0.003379884
"857","EAT",0.019264272,1.209991474,0.013646136
"858","EBAY",0.019368421,4.160296293,0.012971357
"859","EBF",0.071845813,-1.014745492,0.019491291
"860","EBIO",0.09156051,-1.736283458,0.032409757
"861","EBIX",0.072332731,-0.66689955,0.021292508
"862","EBMT",0.093894069,-3.189973246,0.005087939
"863","EBS",0.047069417,-0.228530828,0.025809561
"864","EBSB",0.092099467,-0.521157278,0.010086106
"865","EBTC",0.047684206,-1.548521895,0.026487866
"866","ECHO",0.040600893,-0.562400091,0.026875212
"867","ECL",0.009048741,3.499706171,0.012322506
"868","ECOL",0.021981593,-0.017329699,0.017580169
"869","ECOM",0.069932196,-1.041362206,0.041350088
"870","ECPG",0.023209465,0.102341366,0.013730153
"871","ECR",0.074816212,0.757771558,0.040322786
"872","ECYT",0.173598007,-1.428789456,0.03442861
"873","ED",0.016554266,2.872450611,0.010202347
"874","EDE",0.038570542,0.115663594,0.012344223
"875","EDGW",0.148408161,-2.570485333,0.020452132
"876","EE",0.027315914,0.389915112,0.010007708
"877","EEFT",0.020650861,0.933255239,0.021452392
"878","EEI",0.102152668,-3.648619105,0.012113144
"879","EEP",0.027681494,2.216660709,0.021882776
"880","EFII",0.023520749,0.692262127,0.020376363
"881","EFOI",0.162705265,-2.850278931,0.054474821
"882","EFSC",0.058055885,-1.077033079,0.016493774
"883","EFX",0.013631488,2.189168357,0.011044648
"884","EGAS",0.087509036,-2.121582724,0.012631276
"885","EGBN",0.030280888,-0.146008572,0.015489246
"886","EGHT",0.145560408,-0.491175102,0.034820947
"887","EGL",0.028140408,-0.472190636,0.018534066
"888","EGLT",0.190294957,-2.422161051,0.052160803
"889","EGN",0.01592026,1.523449529,0.029919961
"890","EGOV",0.055861173,0.155247247,0.02465387
"891","EGRX",0.081188888,-1.755635684,0.026674528
"892","EGY",0.128721737,-0.817399091,0.045851428
"893","EHTH",0.04584413,-0.947745159,0.03332888
"894","EIG",0.050552784,-0.473675623,0.01220197
"895","EIGI",0.062209239,0.718221285,0.024958961
"896","EIX",0.016913506,2.957678031,0.012343935
"897","EL",0.013569802,2.843094133,0.009150278
"898","ELGX",0.089185312,-0.286393208,0.026422536
"899","ELLI",0.027876085,0.014794302,0.025900193
"900","ELRC",0.070740934,-1.081229828,0.020289062
"901","ELX",0.196045005,-1.01844393,0.022645515
"902","ELY",0.137708059,-0.573280408,0.017104347
"903","EMC",0.035745369,4.038614709,0.011951402
"904","EMCF",0.039707977,-3.110366643,0.018156505
"905","EMCI",0.032882039,-0.887848723,0.020575951
"906","EME",0.024361052,1.010267071,0.016172644
"907","EMKR",0.183926429,-1.777676944,0.022006428
"908","EML",0.063489435,-2.322542348,0.010936829
"909","EMN",0.013076057,2.433397982,0.017226663
"910","EMR",0.01625189,3.759595921,0.01201366
"911","ENFC",0.076315615,-2.456054766,0.007503975
"912","ENLC",0.026417955,1.823836409,0.02449923
"913","ENOC",0.067450658,-0.839549989,0.026459779
"914","ENPH",0.079565503,-0.612022387,0.046785514
"915","ENR",0.008496585,1.983280333,0.010614031
"916","ENRJ",0.171366454,-3.111735366,0.029475706
"917","ENS",0.01768877,0.966036917,0.015987099
"918","ENSG",0.028350261,-0.234735007,0.014038624
"919","ENT",0.092828026,-0.19799515,0.033914366
"920","ENTA",0.023166684,-0.22045116,0.032520874
"921","ENTG",0.084761378,0.496626068,0.020508982
"922","ENV",0.024207723,0.343828699,0.022237547
"924","EOG",0.010846601,3.920682307,0.024879893
"925","EOPN",0.14866044,-1.648937282,0.047784485
"926","EPAM",0.022729968,0.738543297,0.020862944
"927","EPAY",0.036050439,0.049961205,0.021613199
"928","EPE",0.067603316,1.285173747,0.046468226
"929","EPIQ",0.055243311,-0.420434783,0.02711933
"930","EPM",0.111661326,-1.225697459,0.030756468
"931","EPRS",0.179826866,-2.639602869,0.036362676
"932","EPZM",0.036943043,-0.082344006,0.039128086
"933","EQIX",0.004990426,2.368354532,0.017516859
"934","EQT",0.011572618,2.570848461,0.025103855
"935","ERA",0.046093108,-0.818484938,0.018743329
"936","ERIE",0.012481143,1.30803977,0.013133288
"937","ERS",0.197039608,-3.089105202,0.020202532
"938","ESBF",0.077736844,-1.482082433,0.019951558
"939","ESBK",0.045410248,-2.820703295,0.01131901
"940","ESCA",0.085175721,-1.809964378,0.021464925
"941","ESE",0.028721996,-0.088662059,0.01244886
"942","ESI",0.142759605,-1.889401823,0.091625933
"943","ESIO",0.149147267,-1.585073163,0.030742019
"944","ESL",0.009156707,1.24885195,0.014021407
"945","ESP",0.055899676,-3.16168619,0.023346046
"946","ESPR",0.038626898,-0.793869819,0.048806108
"947","ESRX",0.013888847,3.966933315,0.011908917
"948","ESSA",0.088183422,-2.029301982,0.008568759
"949","ESTE",0.041458981,-3.174856565,0.034427708
"950","ESYS",0.093980546,-3.201330713,0.02470421
"951","ETFC",0.047693105,1.799779646,0.021660033
"952","ETH",0.039705146,-0.319580931,0.018070947
"953","ETM",0.113429008,-1.271351681,0.023377657
"954","ETR",0.012501835,2.664583278,0.012037063
"955","EV",0.027760344,1.449537347,0.013577163
"956","EVBN",0.043203547,-2.344954353,0.005497001
"957","EVBS",0.163319678,-2.621902067,0.004462966
"958","EVDY",0.080312871,-0.974229903,0.027366552
"959","EVER",0.054861177,0.806344109,0.013801855
"960","EVHC",0.029230847,1.833833423,0.012038191
"961","EVK",0.176294654,-2.480337028,0.038043836
"962","EVOK",0.190082645,-3.440133751,0.046685376
"963","EVOL",0.100802034,-2.160514824,0.023695066
"964","EVR",0.02090358,0.550657027,0.019241219
"965","EVTC",0.046128236,0.533453751,0.013044711
"966","EW",0.009281866,2.433997056,0.01342047
"967","EWBC",0.02959246,1.577306137,0.012879059
"968","EXA",0.093850737,-1.917947641,0.046326639
"969","EXAC",0.045520217,-1.194966693,0.019532623
"970","EXAM",0.027345143,0.361413001,0.016535464
"971","EXAR",0.110529098,-0.848645455,0.02292258
"972","EXAS",0.044753177,0.613856339,0.033920297
"973","EXC",0.028559721,3.403820606,0.015144445
"974","EXH",0.025639596,0.958709314,0.022178698
"975","EXLS",0.038573453,-0.163307421,0.015973954
"976","EXP",0.0112387,1.495119929,0.0268773
"977","EXPD",0.024864865,2.048905303,0.011612876
"978","EXPE",0.012404773,2.21469605,0.021533444
"979","EXPO",0.013491873,-0.043825318,0.017471161
"980","EXPR",0.068905599,0.200963491,0.020534173
"981","EZPW",0.102609859,-0.709325821,0.030169607
"982","F",0.071029307,3.981096165,0.015052347
"983","FAF",0.035645651,1.09900828,0.012194961
"984","FANG",0.014868543,1.335836075,0.038976285
"985","FARM",0.03572871,-0.76717724,0.022444546
"986","FARO",0.019676114,-0.131061308,0.023093309
"987","FAST",0.023199867,2.546940145,0.013270993
"988","FB",0.013065546,5.129850691,0.015897526
"989","FBC",0.062328934,-0.103266667,0.018126428
"990","FBHS",0.024718159,1.857153687,0.016430178
"991","FBIZ",0.021975502,-1.713057389,0.013448656
"992","FBMS",0.068586492,-2.558242421,0.006332813
"993","FBNC",0.059266131,-1.10203339,0.018200214
"994","FBNK",0.066514358,-1.422734123,0.014717625
"995","FBRC",0.038583483,-1.468267492,0.022753415
"996","FBSS",0.054620944,-2.68719119,0.030370296
"997","FC",0.052712397,-1.140092082,0.015630518
"998","FCAP",0.04275689,-2.747255383,0.005227005
"999","FCB",0.043847943,-0.240746657,0.014763325
"1000","FCBC",0.064838046,-1.259994584,0.024656469
"1001","FCCO",0.094021461,-2.647414671,0.002498415
"1002","FCCY",0.095342676,-2.592824481,0.013821659
"1003","FCE",0.049970583,0.167677046,0.008361805
"1004","FCF",0.114104281,-0.200334037,0.017928584
"1005","FCFS",0.017953462,0.454855575,0.014408731
"1006","FCLF",0.109863864,-2.752359427,0.006076889
"1007","FCN",0.02770617,0.389389403,0.018759623
"1008","FCNCA",0.004458008,0.654287417,0.019123175
"1009","FCS",0.07109078,0.510773592,0.029217244
"1010","FCTY",0.139627244,-2.62198371,0.012500493
"1011","FCX",0.032560378,3.462217509,0.016042766
"1012","FCZA",0.097579643,-2.538525135,0.019653242
"1013","FDEF",0.035405859,-1.330133803,0.01418062
"1014","FDML",0.06624901,0.816761307,0.028450917
"1015","FDO",0.012909672,2.177790547,0.005666596
"1016","FDS",0.008078481,1.64307086,0.011842461
"1017","FDX",0.006273782,3.809471428,0.013512639
"1018","FE",0.028446335,2.692498664,0.011948486
"1019","FEIC",0.012886851,1.17581735,0.01884902
"1020","FEIM",0.087398471,-2.320776817,0.026272271
"1021","FELE",0.027893834,0.532880696,0.020189588
"1022","FET",0.03710216,0.926015089,0.027663797
"1023","FEYE",0.033953351,1.483415364,0.035798936
"1024","FF",0.082742742,-0.641099398,0.021338765
"1025","FFBC",0.062978327,-0.026401941,0.014734492
"1027","FFG",0.021389778,0.143582215,0.013597002
"1028","FFIC",0.052632783,-0.574537207,0.018398547
"1029","FFIN",0.034851125,0.599698841,0.020029162
"1030","FFIV",0.008639974,2.138622488,0.018712911
"1031","FFKT",0.044277601,-1.777392484,0.012438403
"1032","FFNW",0.094747683,-1.813480445,0.015164834
"1033","FGL",0.046426192,0.229145074,0.017313612
"1034","FHN",0.083083481,1.047941298,0.013209513
"1035","FIBK",0.036459035,-0.51720623,0.013781528
"1036","FICO",0.017753489,0.592939671,0.013371736
"1037","FIG",0.149612958,0.326881193,0.026462731
"1038","FII",0.034301224,1.11700049,0.014270563
"1039","FINL",0.039809606,0.183143662,0.014572663
"1040","FIS",0.018136656,2.755633883,0.010307206
"1041","FISI",0.042238261,-1.098040978,0.015929191
"1042","FISV",0.01547446,2.761130278,0.010763494
"1043","FITB",0.051854941,2.777024892,0.011630849
"1044","FIVE",0.025180919,0.768151791,0.026653706
"1045","FIX",0.071355443,-0.639228286,0.019357861
"1046","FIZZ",0.043707124,0.055431423,0.020207327
"1047","FL",0.018224462,2.064926798,0.011279522
"1048","FLDM",0.039364014,-0.336664481,0.033143993
"1049","FLIC",0.033569291,-1.097561413,0.027285938
"1050","FLIR",0.03290768,1.45294001,0.014792509
"1051","FLO",0.05439667,1.348395615,0.012492289
"1052","FLR",0.015589098,2.312171065,0.01623206
"1053","FLS",0.015208623,2.195847069,0.017989455
"1054","FLT",0.007345427,2.427145533,0.017974582
"1055","FLWS",0.125456826,-1.532261754,0.035600154
"1056","FLXN",0.058085208,-1.316915693,0.03867151
"1057","FLXS",0.029515181,-1.383894002,0.024301515
"1058","FMBH",0.047413383,-2.089752131,0.005760088
"1059","FMBI",0.062651521,0.183600308,0.016474671
"1060","FMC",0.017792631,2.012747051,0.016336066
"1061","FMER",0.05799294,1.047658052,0.015447001
"1062","FMI",0.045221289,-0.484108082,0.038186612
"1063","FMNB",0.128368272,-1.934725214,0.010222013
"1064","FMSA",0.074491859,0.75641982,0.06324856
"1065","FNB",0.083023499,0.738184814,0.013831963
"1066","FNF",0.03572982,2.048975131,0.013507382
"1067","FNFG",0.124759296,1.045690711,0.017489995
"1068","FNFV",0.074081232,0.213237729,0.01796141
"1069","FNGN",0.028718768,0.570721906,0.030996664
"1070","FNHC",0.032848696,-0.883204389,0.035558441
"1071","FNLC",0.058167472,-1.691621475,0.018533279
"1072","FNRG",0.158500557,-2.182333068,0.00251772
"1073","FNSR",0.062843247,0.46009808,0.019886247
"1074","FOE",0.075980311,0.133797522,0.023523888
"1075","FOLD",0.168313209,-0.755265748,0.04236739
"1076","FONR",0.088408867,-2.683877321,0.029884394
"1077","FOR",0.059144209,-0.527590004,0.018449134
"1078","FORM",0.144404332,-0.941950612,0.032366657
"1079","FORR",0.025587967,-0.338627418,0.015525763
"1080","FOSL",0.010172985,1.630619905,0.0136609
"1081","FOX",0.030980186,3.24911462,0.015269657
"1082","FOXA",0.029983053,3.82495137,0.014939309
"1083","FOXF",0.063096675,-0.534418959,0.019402376
"1084","FPRX",0.081499593,-1.330955556,0.028387457
"1085","FRAN",0.079382884,-0.630696604,0.024519143
"1086","FRBA",0.164984187,-2.864313856,0.007159781
"1087","FRC",0.020779878,1.893475711,0.012580476
"1088","FRD",0.132503821,-2.970006687,0.01275477
"1089","FRED",0.068895279,-0.625872804,0.020974031
"1090","FRF",0.10132605,-1.619524674,0.002929669
"1091","FRGI",0.019580967,0.297320717,0.02044226
"1092","FRM",0.136953674,-1.291911119,0.025852567
"1093","FRME",0.047903693,-0.284121818,0.015164836
"1094","FRNK",0.051548702,-1.476626701,0.014248725
"1095","FRP",0.066822586,-0.918403876,0.025336684
"1096","FRS",0.037262961,-1.98678043,0.015186031
"1097","FRSH",0.107703114,-1.850018553,0.025624846
"1098","FSAM",0.071505184,-2.47897835,0.082028592
"1099","FSBK",0.123425586,-2.554390765,0.017512117
"1100","FSBW",0.059228586,-2.907194919,0.010711415
"1101","FSC",0.112753389,0.307020467,0.012073232
"1102","FSFG",0.040146552,-2.91691036,0.004995102
"1103","FSFR",0.089285714,-1.108911701,0.014567836
"1104","FSIC",0.095685818,0.917292191,0.010244952
"1105","FSLR",0.017543324,1.740289826,0.028586896
"1106","FSS",0.076769025,-0.202620794,0.018678722
"1107","FSTR",0.021148453,-0.724585441,0.022727025
"1108","FSYS",0.115705805,-1.750623901,0.029223898
"1109","FTD",0.029786573,-0.452741996,0.018049227
"1110","FTI",0.019037056,2.511681982,0.021461899
"1111","FTK",0.045168892,0.175053766,0.0337882
"1112","FTNT",0.040143469,1.412438536,0.018222389
"1113","FTR",0.161013686,1.827748804,0.015711814
"1115","FUEL",0.05952381,-0.367702673,0.031169136
"1116","FUL",0.025189193,0.690884011,0.015332182
"1117","FULT",0.090053053,0.720583378,0.012399536
"1118","FUNC",0.120908305,-2.966210544,0.006488966
"1119","FWRD",0.021511008,0.343404407,0.015881599
"1120","FWV",0.0500996,-3.366685214,0.017196918
"1121","FXCB",0.060764577,-1.616788311,0.012595503
"1122","FXCM",0.062649815,-0.311513291,0.018824847
"1123","GABC",0.036751194,-1.024082802,0.017760251
"1124","GAIA",0.138729718,-1.987223922,0.033487472
"1125","GAS",0.018991627,1.83886264,0.011104443
"1126","GB",0.021851901,0.130160264,0.013968115
"1127","GBCI",0.038355068,0.670231341,0.01761689
"1128","GBDC",0.060050651,-0.242700716,0.010307696
"1129","GBIM",0.143017216,-3.246572994,0.08906924
"1130","GBL",0.013054756,-0.691286746,0.023755895
"1131","GBNK",0.068186535,-1.193423135,0.019329845
"1132","GBSN",0.18146883,-3.579243595,0.07726229
"1133","GBX",0.017014855,0.475062784,0.044694508
"1134","GCA",0.145321286,-0.790470597,0.019293112
"1135","GCAP",0.144327309,-1.257241166,0.029042274
"1136","GCBC",0.03656281,-2.160042473,0.011122631
"1137","GCI",0.034046333,1.889430624,0.016815924
"1138","GCO",0.013495989,0.579331017,0.014079524
"1139","GD",0.007954597,3.73650111,0.012616451
"1140","GDEF",0.097144747,-2.311844614,0.002933255
"1141","GDOT",0.046380319,-0.146920763,0.021770222
"1142","GDP",0.097148891,-0.795916683,0.075870222
"1143","GE",0.039882088,5.527544639,0.010461332
"1144","GEF",0.021336416,0.107313715,0.012242585
"1145","GENC",0.10222354,-2.546503633,0.0082192
"1146","GEOS",0.033721868,-0.943155755,0.038278094
"1147","GES",0.046662609,0.601892247,0.016543258
"1148","GEVA",0.013942013,0.865401982,0.032406327
"1149","GFED",0.08044664,-2.929121304,0.004489047
"1150","GFF",0.088751688,-0.502972501,0.017448903
"1151","GFIG",0.188741178,-0.399975531,0.013696256
"1152","GFN",0.117550854,-1.520248456,0.023202894
"1153","GGG",0.013702874,1.47674019,0.014152139
"1154","GHC",0.001389278,1.201618323,0.010659632
"1155","GHDX",0.031220307,0.013428691,0.023223547
"1156","GHL",0.021677867,0.266784975,0.018361281
"1157","GHM",0.032743942,-1.175181015,0.021606376
"1158","GIFI",0.055370986,-1.341622772,0.033465042
"1159","GIII",0.012721943,0.564231642,0.018477017
"1160","GILD",0.009454166,5.074491726,0.022720195
"1161","GIMO",0.085412953,-0.988468066,0.03132447
"1162","GIS",0.019885185,3.413061534,0.007477549
"1163","GK",0.017120866,0.150492391,0.01580947
"1164","GKNT",0.106545557,-2.763784685,0.016355227
"1165","GLBZ",0.081947967,-3.392507739,0.022560972
"1166","GLDD",0.157109191,-0.961366091,0.024080468
"1167","GLF",0.033302926,-0.212953012,0.032678083
"1168","GLPW",0.07628524,-1.496534284,0.039291682
"1169","GLRI",0.16278576,-1.647945019,0.045385463
"1170","GLT",0.042894442,-0.000507813,0.015691507
"1171","GLW",0.053568101,3.181045903,0.015917027
"1172","GLYC",0.144933016,-2.038314385,0.04008158
"1173","GM",0.032130534,3.910212955,0.018554971
"1174","GMCR",0.007087347,3.130366895,0.015872025
"1175","GME",0.024919823,1.508062651,0.019284278
"1176","GMED",0.049792172,0.34692174,0.018214381
"1177","GMT",0.01716213,0.958059223,0.017338676
"1178","GNBC",0.058846105,-0.81030377,0.015764737
"1179","GNC",0.025825866,1.247001331,0.020479898
"1180","GNCA",0.114541833,-1.874124294,0.054584487
"1181","GNCMA",0.090236773,-0.857203192,0.016428054
"1182","GNE",0.142626814,-1.82085265,0.018202635
"1183","GNMK",0.106294482,-0.936771571,0.030637861
"1184","GNRC",0.023728709,1.063909623,0.018064772
"1185","GNTX",0.03431965,1.447875556,0.015536242
"1186","GNW",0.076353617,1.871876014,0.014739597
"1187","GOGO",0.061764864,0.321658348,0.03291473
"1188","GOOG",0.001828053,5.223103551,0.012600082
"1189","GOOGL",0.001793582,5.066862223,0.01295372
"1190","GPC",0.011112077,2.62229513,0.010949526
"1191","GPI",0.013179685,0.60786565,0.023287177
"1192","GPIC",0.121184978,-2.72852704,0.014571517
"1193","GPK",0.085613251,1.339644813,0.019269437
"1194","GPN",0.01327661,1.634931768,0.013403121
"1195","GPOR",0.020834466,1.410662106,0.033596801
"1196","GPRE",0.031489595,0.175632665,0.038403695
"1197","GPRO",0.012613522,0.47839865,0.042610858
"1198","GPS",0.026278506,2.804673472,0.012359804
"1199","GPX",0.034078113,-0.579038592,0.018117778
"1200","GRA",0.011308658,1.888559276,0.016327924
"1201","GRBK",0.146842878,-1.54550705,0.076419893
"1202","GRC",0.03302178,-0.229441039,0.02614305
"1203","GRIF",0.035243209,-1.92405249,0.029285069
"1204","GRPN",0.159816558,1.42925542,0.028691141
"1205","GRUB",0.027540622,1.067204223,0.021626276
"1206","GS",0.005493259,4.385473147,0.010965171
"1207","GSBC",0.030379881,-0.79814796,0.019841859
"1208","GSM",0.057307304,0.251561289,0.022261035
"1209","GSVC",0.10147805,-1.659173981,0.019193581
"1210","GT",0.046843654,1.766768933,0.022278125
"1211","GTIM",0.184147318,-3.055934832,0.043281911
"1212","GTIV",0.053434316,-0.372440091,0.010534377
"1213","GTLS",0.021599286,0.343367299,0.036104606
"1214","GTN",0.13524197,-2.040377024,0.020222014
"1215","GTS",0.049896952,-0.696871876,0.018901648
"1216","GTT",0.082095945,-1.050450245,0.023581029
"1217","GTWN",0.061862713,-3.52173035,0.007498124
"1218","GUID",0.152732585,-1.652799805,0.021640338
"1219","GVA",0.030224979,0.257128554,0.019021733
"1220","GWB",0.052951,0.088724123,0.020616804
"1221","GWGH",0.111508826,-2.945220314,0.027201054
"1222","GWR",0.011009895,1.565599913,0.014110426
"1223","GWRE",0.021203042,1.18128258,0.020225862
"1224","GWW",0.004136534,2.804777281,0.011967879
"1225","GXP",0.039367383,1.363974117,0.01203399
"1226","GY",0.061551636,-0.047852233,0.016581023
"1227","H",0.01706029,0.877335111,0.016086375
"1228","HA",0.068819006,-0.24833429,0.027101217
"1229","HAE",0.028112548,0.603469527,0.013780467
"1230","HAFC",0.049727579,-0.444404102,0.018432864
"1231","HAIN",0.009798262,1.638618148,0.012674453
"1232","HAL",0.017986877,3.853545266,0.027135847
"1233","HALL",0.094634628,-1.59960341,0.023024551
"1234","HALO",0.110779308,0.124456069,0.031017647
"1235","HAR",0.01039501,1.87844096,0.023301278
"1236","HART",0.156933385,-2.997791206,0.041497812
"1237","HAS",0.017881716,1.95183528,0.01076411
"1238","HAWK",0.029937781,-0.859864594,0.020161179
"1239","HAWKB",0.030591615,0.275674925,0.020910533
"1240","HAYN",0.022900155,-0.612774537,0.0187002
"1241","HBAN",0.105015638,2.048127149,0.012792215
"1242","HBCP",0.043894512,-1.819610788,0.007838535
"1243","HBHC",0.03085633,0.97137837,0.015263033
"1244","HBI",0.009302589,2.37098791,0.013733801
"1245","HBK",0.076739825,-3.113242889,0.012973965
"1246","HBMD",0.096089572,-3.144910397,0.026450748
"1247","HBNC",0.041620673,-1.508921109,0.019243146
"1248","HBNK",0.058708665,-2.362862677,0.010809922
"1249","HBOS",0.049155803,-1.677886305,0.017933047
"1250","HCA",0.014321919,3.407198979,0.020749964
"1251","HCAC",0.101479393,-1.954415417,0.010501834
"1252","HCBK",0.107316163,1.594241123,0.01401068
"1253","HCC",0.02029185,1.594610774,0.008265921
"1254","HCCI",0.062500849,-1.219442067,0.029149716
"1255","HCI",0.021975502,-0.678603011,0.021032402
"1256","HCKT",0.158993502,-1.69331517,0.023570805
"1257","HCOM",0.037541826,-1.265891323,0.020575043
"1258","HCSG",0.03552343,0.68710533,0.015566735
"1259","HD",0.010734571,4.830980947,0.011194282
"1260","HDNG",0.093919719,-1.99211734,0.015802491
"1261","HDS",0.037709245,1.645273581,0.022715193
"1262","HE",0.036882617,1.022529915,0.011681337
"1263","HEAR",0.160206178,-1.343817238,0.034811616
"1264","HEES",0.027587365,0.243182292,0.028859472
"1265","HEI",0.021824531,0.398749279,0.018172095
"1266","HEOP",0.133670415,-1.396918482,0.019237008
"1267","HES",0.012023503,3.240753082,0.02067697
"1268","HF",0.034579186,0.084824005,0.019211819
"1269","HFBC",0.087897675,-2.500591821,0.008654264
"1270","HFBL",0.051640727,-3.154539309,0.007172469
"1271","HFC",0.023118366,2.149913072,0.020281271
"1272","HFFC",0.075084535,-2.364967648,0.010395973
"1273","HFWA",0.060159029,-0.68772298,0.017414375
"1274","HGG",0.163503235,-1.752125151,0.034552261
"1275","HGR",0.04576568,-0.260946477,0.019470276
"1276","HHC",0.007094758,1.71966724,0.018067002
"1277","HHS",0.165063873,-0.971642495,0.022422926
"1278","HI",0.031997774,0.67420051,0.0156552
"1279","HIBB",0.022763037,0.09816905,0.016421586
"1280","HIFS",0.012234888,-1.748651067,0.006002831
"1281","HIG",0.02703624,2.805073911,0.01091491
"1282","HII",0.010155063,1.564083899,0.013430833
"1283","HIIQ",0.103259406,-2.578009534,0.045817384
"1284","HIVE",0.173873601,-1.364791533,0.053003709
"1285","HLIT",0.162722417,-0.612685712,0.023828635
"1286","HLS",0.025908487,1.21927183,0.016261216
"1287","HLT",0.042227404,3.148284872,0.018246955
"1288","HLX",0.042706477,0.901326532,0.02684976
"1289","HMHC",0.051197578,1.014866331,0.014426633
"1290","HMN",0.034247085,0.178165174,0.012923291
"1291","HMNF",0.078071405,-2.860574783,0.022972326
"1292","HMST",0.059138126,-1.381877491,0.016398312
"1293","HMSY",0.049524138,0.569735187,0.019498418
"1294","HMTV",0.088731145,-2.042643188,0.019770711
"1295","HNH",0.031641216,-1.078811308,0.042214138
"1296","HNI",0.025423073,0.564601418,0.016581799
"1297","HNNA",0.052336352,-2.164718228,0.034149247
"1298","HNRG",0.091053048,-1.152757389,0.036446056
"1299","HNT",0.021763403,1.305248073,0.018669471
"1300","HOFT",0.065714286,-1.809216531,0.012570396
"1301","HOG",0.016648088,2.568373672,0.013836178
"1302","HOLX",0.040859833,1.916038294,0.015619358
"1303","HOMB",0.0339093,0.673371491,0.018051865
"1304","HON",0.010969357,4.266836441,0.012004747
"1305","HOS",0.034941132,0.036544983,0.034053132
"1306","HOT",0.012980563,2.682855968,0.01899045
"1307","HP",0.011559473,2.235769025,0.030144245
"1308","HPJ",0.153928524,-2.327452699,0.042795062
"1309","HPQ",0.028882861,4.167958134,0.016710322
"1310","HPTX",0.042213841,-0.713411713,0.024225018
"1311","HPY",0.019977937,0.587996589,0.015729042
"1312","HQY",0.051560258,0.058390672,0.033725857
"1313","HRB",0.033140733,2.115531353,0.013927997
"1314","HRC",0.023672049,0.884995356,0.010750453
"1315","HRG",0.077849986,0.975752885,0.01251887
"1316","HRL",0.019274928,2.614906047,0.009339878
"1317","HRS",0.015254417,1.923614036,0.012229606
"1318","HRT",0.157400887,-4.050351377,0.030507552
"1319","HRTG",0.064324869,-0.772049882,0.02290716
"1320","HRTX",0.130355928,-1.498953175,0.040508443
"1321","HRZN",0.072539187,-2.019849678,0.011040566
"1322","HSC",0.05022492,0.474839227,0.021672498
"1323","HSIC",0.008666997,2.27612187,0.008199445
"1324","HSII",0.048211965,-0.972151091,0.020342944
"1325","HSKA",0.079026123,-2.529755636,0.023465295
"1326","HSNI",0.015780717,1.198489392,0.013989278
"1327","HSP",0.019563646,2.154159281,0.016086856
"1328","HSTM",0.037759081,-0.31691142,0.028413564
"1329","HSY",0.010677115,2.71426954,0.00848994
"1330","HTBI",0.066477831,-1.176188435,0.007884347
"1331","HTBK",0.118961415,-1.505661914,0.012939268
"1332","HTBX",0.16002772,-3.210413823,0.049585678
"1333","HTH",0.048321358,0.623528917,0.014868386
"1334","HTLD",0.041668554,0.744320563,0.018720608
"1335","HTLF",0.04107583,-0.799255094,0.01288164
"1336","HTWO",0.096660871,-1.410308164,0.002124494
"1337","HTWR",0.012663804,0.294945567,0.019116393
"1338","HTZ",0.046138415,2.270682477,0.03054448
"1339","HUB",0.008784871,0.784714927,0.015987882
"1340","HUBG",0.026508385,0.325490887,0.017644375
"1341","HUBS",0.032008435,-0.055578967,0.042387885
"1342","HUM",0.007718509,2.994438747,0.013488422
"1343","HUN",0.041842527,1.761482725,0.022908845
"1344","HURC",0.029007441,-1.496436595,0.022643759
"1345","HURN",0.015862835,0.367482343,0.017274607
"1346","HVB",0.050448553,-0.929571992,0.02130282
"1347","HVT",0.047221381,-1.960811003,0.014208476
"1348","HW",0.084920987,-0.145498491,0.02296395
"1349","HWAY",0.066426952,-0.630930945,0.024134332
"1350","HWBK",0.074091875,-2.650247278,0.014364717
"1351","HWCC",0.081295066,-1.532722546,0.01902576
"1352","HWKN",0.028139031,-0.979132577,0.01603348
"1353","HXL",0.025567487,1.325632708,0.01431829
"1354","HY",0.013818046,-0.080074263,0.023187296
"1355","HZO",0.058874725,-0.863932132,0.020504942
"1356","IACI",0.016092581,1.577603962,0.017771367
"1357","IART",0.020235969,0.475229122,0.013479612
"1358","IBCA",0.103720406,-1.549592206,0.004241875
"1359","IBCP",0.084464112,-1.303033019,0.017461645
"1360","IBKC",0.015678362,0.757052741,0.014165778
"1361","IBKR",0.040009394,0.35532076,0.012163811
"1362","IBM",0.005684304,5.165276704,0.009036027
"1363","IBOC",0.039941997,0.512309979,0.018815183
"1364","IBP",0.069366951,-0.779106184,0.017503693
"1365","IBTX",0.021934007,-0.293032838,0.017354898
"1366","ICAD",0.10565483,-1.920761342,0.031331265
"1367","ICD",0.114053357,-1.560840664,0.033545396
"1368","ICE",0.004970383,3.127628232,0.011844886
"1369","ICEL",0.146129165,-2.231205593,0.046571052
"1370","ICFI",0.030307822,-0.447422306,0.017142309
"1371","ICON",0.026746208,0.573395637,0.014937749
"1372","ICPT",0.004391031,1.576836777,0.039920574
"1373","ICUI",0.014688226,0.044286032,0.013584005
"1374","IDA",0.01735836,1.061988002,0.012288909
"1375","IDCC",0.023673268,0.468757962,0.022045354
"1376","IDSA",0.176124825,-3.097694595,0.026945111
"1377","IDSY",0.142993297,-2.415029173,0.031278366
"1378","IDT",0.065489749,-1.108152942,0.021689392
"1379","IDTI",0.069146937,0.761350003,0.031555302
"1380","IDXX",0.007924463,1.79754356,0.014856805
"1381","IESC",0.127497001,-1.767989277,0.022382897
"1382","IEX",0.014060227,1.738654376,0.013096219
"1383","IFF",0.010479506,2.04681212,0.011497428
"1384","IFT",0.158971523,-2.005263167,0.012209558
"1385","IG",0.110998504,-0.750371514,0.038992938
"1386","IGT",0.060540654,1.406696483,0.008943681
"1387","IGTE",0.028717693,0.720083986,0.027986942
"1388","IHC",0.075183054,-1.462662256,0.017381468
"1389","IHS",0.007976141,2.145253859,0.01191586
"1390","IIIN",0.048061854,-0.963192789,0.024643948
"1391","IILG",0.050108932,0.129898289,0.014669919
"1392","IIN",0.166068459,-3.35061135,0.032105563
"1393","IIVI",0.082695143,-0.300637668,0.023482797
"1394","IKNX",0.061131502,-3.411879373,0.036190787
"1395","IL",0.121970621,-0.768919298,0.020131702
"1396","ILMN",0.005871001,3.181830311,0.023235816
"1397","IM",0.040370708,1.348044948,0.015533232
"1399","IMDZ",0.041777164,-0.916542371,0.066139413
"1400","IMGN",0.107816712,-0.22905132,0.042651943
"1401","IMH",0.176090979,-2.93215349,0.023769817
"1402","IMKTA",0.040479417,-1.095742852,0.0181289
"1403","IMMR",0.125412361,-1.502170277,0.030826166
"1404","IMMY",0.12639585,-2.618227788,0.036473001
"1405","IMPR",0.073398009,-1.130293543,0.037247295
"1406","IMPV",0.033150286,-0.228978934,0.037631066
"1407","IMS",0.039733955,2.122723602,0.017059141
"1408","INAP",0.143866892,-0.97385612,0.024855872
"1409","INBK",0.059787002,-2.601121386,0.017850587
"1410","INCY",0.01932075,2.162174855,0.029339884
"1411","INDB",0.026772983,-0.113698611,0.016751523
"1412","INFA",0.029741508,1.295049489,0.015501646
"1413","INFI",0.075674075,-0.440839224,0.037318413
"1414","INFN",0.087524022,0.346050075,0.028570465
"1415","INGN",0.047155305,-0.93998989,0.025961121
"1416","INGR",0.013503279,1.713014624,0.012418707
"1417","ININ",0.023972567,-0.132248245,0.026554278
"1418","INO",0.090497738,-0.40504196,0.037988403
"1419","INSM",0.072787114,-0.384092504,0.028344347
"1420","INSY",0.025596937,0.306751145,0.039855704
"1421","INT",0.025673654,1.034607909,0.024314986
"1422","INTC",0.030430727,5.070039053,0.016482091
"1423","INTG",0.052703905,-3.095155257,0.010508196
"1424","INTL",0.057525167,-1.114101812,0.013542582
"1425","INTU",0.012019419,3.167340428,0.012220716
"1426","INVE",0.096202108,-2.216802445,0.04879434
"1427","INVN",0.050396599,0.563957863,0.033037635
"1428","INWK",0.120160911,-0.823575848,0.021722442
"1429","IOSP",0.027045778,-0.102343363,0.01894053
"1430","IOT",0.165075483,-3.6800263,0.023312699
"1431","IP",0.02087967,3.017485675,0.014564841
"1432","IPAR",0.036769408,-0.172826909,0.020522611
"1433","IPCC",0.014910569,-0.260399992,0.014486821
"1434","IPCM",0.022847039,-0.284442909,0.021823213
"1435","IPG",0.055848287,2.019597308,0.014682444
"1436","IPGP",0.01500424,1.245075881,0.020010053
"1437","IPHI",0.071136954,-0.807720591,0.026169047
"1438","IPHS",0.017786164,0.200596801,0.016437351
"1439","IPI",0.071953699,0.055376869,0.024737981
"1440","IPWR",0.140543844,-2.997725711,0.035276311
"1441","IPXL",0.037625042,0.629448801,0.022146723
"1442","IQNT",0.075807515,-0.831020699,0.020900885
"1443","IRBT",0.030532324,-0.033013218,0.02200743
"1444","IRDM",0.112916687,-0.186680474,0.021101157
"1445","IRF",0.0253614,1.038401614,0.003813168
"1446","IRG",0.159688954,-1.809605247,0.028509995
"1447","IRIX",0.139724197,-2.654093601,0.030087804
"1448","IRM",0.029822105,1.867215865,0.01389245
"1449","IRMD",0.13859187,-2.559340254,0.026588507
"1450","IROQ",0.059326882,-2.606475513,0.003164802
"1451","IRWD",0.077507624,0.465539359,0.034084327
"1452","ISBC",0.09887795,1.285820909,0.010629554
"1453","ISCA",0.033092573,-0.218014533,0.016950214
"1454","ISDR",0.110404204,-3.982405654,0.015252272
"1455","ISH",0.054204374,-2.005903064,0.023580634
"1456","ISIL",0.077037732,0.521515968,0.026636495
"1457","ISIS",0.02457055,1.565747489,0.033707014
"1458","ISLE",0.143669186,-1.268718167,0.030313392
"1459","ISRG",0.002091864,2.852606092,0.017024551
"1460","ISRL",0.007966665,-1.077684724,0.017717201
"1461","ISSI",0.079579268,-0.937459805,0.02783993
"1462","ISTR",0.075535894,-2.343196541,0.008624433
"1463","IT",0.01326543,1.9018354,0.010108723
"1464","ITC",0.027288367,1.739856673,0.011332445
"1465","ITCI",0.066879907,-0.822738311,0.031571413
"1466","ITG",0.060612449,-0.544489197,0.018918106
"1467","ITIC",0.014047775,-1.935339822,0.017540476
"1468","ITRI",0.026259305,0.396772654,0.014981249
"1469","ITT",0.023915485,1.341741884,0.017023399
"1470","ITW",0.011804012,3.512854973,0.010272143
"1471","IVAC",0.138345865,-1.785895221,0.027107997
"1472","IVC",0.074318211,-0.876480993,0.028676191
"1473","IXYS",0.097884836,-1.133744594,0.026132963
"1474","JACK",0.014588817,0.971566978,0.014632651
"1475","JAH",0.016578608,2.044320032,0.013926049
"1476","JAKK",0.135417587,-1.764844081,0.031122159
"1477","JASN",0.109487314,-1.606604163,0.020260169
"1478","JAXB",0.091380695,-3.359567842,0.035576445
"1479","JBHT",0.013242097,2.179599353,0.011880729
"1480","JBL",0.05167262,1.350422174,0.016366146
"1481","JBLU",0.092169592,1.151284595,0.02965944
"1482","JBSS",0.029190781,-1.238686479,0.019071722
"1483","JBT",0.034999087,-0.183522681,0.01435256
"1484","JCI",0.023273228,3.353025472,0.015012301
"1485","JCOM",0.019854972,0.85904789,0.015339487
"1486","JCP",0.126068845,0.877258267,0.034945554
"1487","JCS",0.0893224,-2.335385964,0.021870479
"1488","JDSU",0.080775444,1.053911347,0.021882116
"1489","JEC",0.021346698,1.829771478,0.014040081
"1490","JGW",0.087829839,-1.927521073,0.016277362
"1491","JIVE",0.172129921,-0.87766695,0.022642191
"1492","JJSF",0.010414874,0.58268702,0.012533598
"1493","JKHY",0.017853608,1.521076414,0.011522791
"1494","JLL",0.007899138,1.735313834,0.011928938
"1495","JMBA",0.077142378,-1.490831594,0.019692528
"1496","JMP",0.154725866,-1.965795889,0.017749867
"1497","JNJ",0.009769151,5.664588354,0.010866376
"1498","JNPR",0.049211545,2.214368194,0.017970756
"1499","JNS",0.069754041,0.990575291,0.024168398
"1500","JOE",0.051724913,0.578896842,0.016425461
"1501","JONE",0.074520477,-1.793372017,0.037192358
"1502","JOUT",0.036618956,-1.430459754,0.023449238
"1503","JOY",0.019208766,1.631011338,0.017626038
"1504","JPM",0.017093255,5.393506933,0.011550505
"1505","JRN",0.114902333,-0.940449004,0.021967334
"1506","JVA",0.178437324,-3.348862502,0.028358081
"1507","JW",0.018190878,0.178423169,0.008785118
"1508","JWN",0.014231264,2.60505115,0.012210731
"1509","JXSB",0.044517143,-3.197943355,0.011442377
"1510","K",0.016303385,3.094889388,0.009531742
"1511","KAI",0.025947653,-0.865379178,0.017568281
"1512","KALU",0.013803534,0.254609509,0.014099462
"1513","KAMN",0.024878851,0.08475045,0.012484175
"1514","KAR",0.035317783,1.380264192,0.014803772
"1515","KATE",0.038015272,1.204936334,0.019997102
"1517","KBH",0.065211228,0.340435973,0.023521758
"1518","KBR",0.054205652,0.985120237,0.018438443
"1519","KCAP",0.12908295,-1.283942865,0.017245841
"1520","KCG",0.095411931,0.212594394,0.015359871
"1521","KCLI",0.02153679,-0.682567199,0.020104508
"1522","KELYA",0.061099526,-0.583022505,0.018734645
"1523","KELYB",0.068162102,-2.97619937,0.228755783
"1524","KEQU",0.05703249,-3.077933967,0.013949901
"1525","KERX",0.062812355,0.380588744,0.032939593
"1526","KEX",0.009247384,1.81875551,0.021032794
"1527","KEY",0.077545516,2.422039072,0.013159624
"1528","KEYW",0.096521046,-0.943739384,0.043629814
"1529","KFFB",0.123037419,-2.669768638,0.013302432
"1530","KFRC",0.048712301,-0.448906773,0.024047141
"1531","KFY",0.038185682,0.274828619,0.016358924
"1532","KIN",0.10864944,-1.707422653,0.026611068
"1533","KINS",0.126525179,-2.853489599,0.014668323
"1534","KIRK",0.06096672,-1.260973607,0.018549839
"1535","KITE",0.029613226,0.256615406,0.048520234
"1536","KKD",0.057471264,0.113406975,0.019201665
"1537","KLAC",0.013724952,2.482039683,0.017754297
"1538","KLIC",0.074059763,0.032999598,0.01698369
"1539","KMB",0.009140586,3.710753161,0.008974065
"1540","KMG",0.060959449,-1.658701604,0.02303687
"1541","KMI",0.026468727,3.659001107,0.018783444
"1542","KMPR",0.0291331,0.591700373,0.011744689
"1544","KMT",0.025022302,1.149867134,0.013739608
"1545","KMX",0.020450989,2.356882012,0.017651232
"1546","KN",0.047378721,0.576676116,0.039345187
"1547","KND",0.048908074,0.278384182,0.019422164
"1548","KNDI",0.0730553,-0.460910303,0.047619915
"1549","KNL",0.054759297,-0.146834222,0.018787309
"1550","KNX",0.036239305,0.803993767,0.018915243
"1551","KO",0.023535913,5.227074544,0.009249138
"1552","KODK",0.050195325,-0.187091384,0.025595527
"1553","KONA",0.052403737,-1.559814681,0.026924245
"1554","KOP",0.028489323,-0.330968632,0.018251935
"1555","KPTI",0.029154889,0.108558865,0.039692811
"1556","KR",0.018724305,3.266562661,0.009598288
"1557","KRA",0.059205107,-0.59132892,0.020908484
"1558","KRFT",0.017833328,3.498714191,0.009021366
"1559","KRNY",0.074438475,-0.100068884,0.014935078
"1560","KRO",0.076897359,0.409610039,0.018249121
"1561","KS",0.036676766,0.959743503,0.025997121
"1562","KSS",0.017377245,2.465626628,0.013386273
"1563","KSU",0.008467307,2.567025974,0.019752335
"1564","KTCC",0.109422203,-2.345975369,0.020298257
"1565","KTEC",0.07608842,-2.490211818,0.020689467
"1566","KTOS",0.155127643,-0.988121265,0.027550699
"1567","KTWO",0.069320956,-0.624887423,0.02825537
"1568","KVHI",0.084021334,-1.693948124,0.025805942
"1569","KW",0.039813052,0.868536949,0.013939281
"1570","KWR",0.013811989,-0.043183591,0.016923526
"1571","KYTH",0.029684697,-0.27072459,0.028821748
"1572","L",0.023964574,2.766253395,0.009937362
"1573","LABC",0.048457779,-2.852286207,0.016287453
"1574","LABL",0.021617354,-0.268330054,0.016537037
"1575","LACO",0.120557394,-2.197836,0.017283962
"1576","LAD",0.013433324,0.558870613,0.027775796
"1577","LADR",0.052797098,-0.042623655,0.013576765
"1578","LAKE",0.067316416,-2.549837123,0.122838995
"1579","LAMR",0.020426469,1.374791089,0.013800249
"1580","LANC",0.01160204,0.856816921,0.012231137
"1581","LARK",0.042235476,-2.588428852,0.011743557
"1582","LAWS",0.045105999,-1.648474023,0.024603301
"1583","LAYN",0.122051527,-1.827037123,0.046022288
"1584","LB",0.014592335,2.996980114,0.013003814
"1585","LBAI",0.096464371,-0.93457601,0.019801664
"1586","LBY",0.037309196,-0.5461233,0.014333901
"1587","LCI",0.02186582,0.484296583,0.031105552
"1588","LCNB",0.067334153,-1.979163855,0.008454477
"1589","LCUT",0.06266347,-1.522403764,0.024043905
"1590","LDL",0.035784855,-0.742296416,0.018596062
"1591","LDOS",0.028559012,0.952449968,0.010411201
"1592","LDR",0.030054752,-1.146642286,0.016847909
"1593","LDRH",0.030987282,-0.174315632,0.019920788
"1594","LE",0.022607978,0.34417207,0.030041933
"1595","LEA",0.011586902,1.933243757,0.018600995
"1596","LEAF",0.029192633,1.368360913,0.016931713
"1597","LECO",0.014983323,1.644829631,0.015543673
"1598","LEG",0.028079257,1.585402457,0.012880367
"1599","LEN",0.026695761,1.008391478,0.017110263
"1600","LEU",0.139698821,-5.610454009,0.054094278
"1601","LEVY",0.102804047,-1.701642538,0.004437694
"1602","LF",0.170635804,-0.956623004,0.021045894
"1603","LFUS",0.011726139,0.651572045,0.016825048
"1604","LG",0.020760184,0.731713145,0.010324581
"1605","LGIH",0.053952616,-0.955411604,0.026415938
"1606","LGND",0.020548741,-0.025095531,0.029972049
"1607","LH",0.009838478,2.154657036,0.011615846
"1608","LHCG",0.042480099,-0.900237789,0.017256066
"1609","LII",0.012353039,1.365997769,0.012357022
"1610","LIN",0.043587848,-0.145562131,0.013959477
"1613","LION",0.070008827,-1.189582308,0.014681029
"1614","LJPC",0.105932203,-1.947013201,0.040657226
"1615","LKFN",0.025842987,-0.45103783,0.014006079
"1616","LKQ",0.037375584,2.092431471,0.015835537
"1617","LL",0.018464997,0.381962298,0.026309109
"1618","LLL",0.008843637,2.2762814,0.020857741
"1619","LLTC",0.024469387,2.277804033,0.01713877
"1620","LLY",0.015484149,4.278514706,0.011948406
"1621","LM",0.019923425,1.759744957,0.014802241
"1622","LMAT",0.144146403,-2.116341755,0.016744399
"1623","LMCA",0.022011044,1.556711093,0.015295003
"1624","LMCB",0.02147446,-0.783290138,0.113846148
"1625","LMCK",0.022184926,2.33225865,0.017806308
"1626","LMIA",0.078754986,-1.797377778,0.026234365
"1627","LMNR",0.041180262,-1.073629535,0.019200523
"1628","LMNX",0.050081655,-0.177609054,0.023391427
"1629","LMOS",0.062189055,-1.021432938,0.024308306
"1630","LMT",0.005604261,4.035995754,0.012537587
"1631","LNBB",0.070762699,-1.990929302,0.017403927
"1632","LNC",0.019850517,2.575518091,0.014029008
"1633","LNCE",0.036655723,0.65003406,0.013949639
"1634","LNCO",0.040837343,1.142928963,0.031005943
"1635","LNDC",0.084338675,-1.144487059,0.024095509
"1636","LNG",0.01399495,2.831933963,0.036245223
"1637","LNKD",0.004931664,3.074557469,0.022746677
"1638","LNN",0.012227279,0.036703907,0.018008192
"1639","LNT",0.017096177,1.869541198,0.010570239
"1640","LO",0.016630994,3.074779728,0.009171772
"1641","LOCK",0.065229722,0.351066916,0.025555397
"1642","LOCO",0.028348514,0.263836948,0.027454661
"1643","LOGM",0.02243596,0.083198736,0.027715058
"1644","LOPE",0.024393089,0.647682585,0.016554407
"1645","LORL",0.014203581,0.409763456,0.015471852
"1646","LOW",0.018538221,3.974533952,0.010483832
"1647","LOXO",0.085049736,-1.63377095,0.044864585
"1649","LPI",0.052130553,1.010510945,0.038979508
"1650","LPLA",0.023450723,1.44641232,0.016605165
"1651","LPNT",0.0145263,1.136375033,0.018317046
"1652","LPSB",0.087312473,-2.743384227,0.004162757
"1653","LPSN",0.073058781,-0.292394863,0.0209514
"1654","LPX",0.072236181,0.670359108,0.025517414
"1655","LQ",0.051875409,0.923507681,0.016845991
"1656","LQDT",0.080404118,-0.997424026,0.025063348
"1657","LRCX",0.013778726,2.44674479,0.018235917
"1658","LRN",0.067440769,-0.565744251,0.02651013
"1660","LSBK",0.078628151,-2.583221536,0.010217409
"1661","LSCC",0.152869629,-0.254329496,0.026317873
"1662","LSTR",0.01391216,1.167718967,0.013677554
"1663","LTM",0.019781713,0.680269397,0.015091942
"1664","LTRPA",0.032628279,0.773174614,0.024929819
"1665","LTRPB",0.03149263,-2.410709737,0.050623831
"1666","LUB",0.197289415,-1.937972159,0.016546587
"1667","LUK",0.043905698,2.127014506,0.014747579
"1668","LULU",0.02441795,1.542201964,0.019456091
"1669","LUV",0.030721145,3.102963279,0.024851566
"1670","LVLT",0.023623907,2.310113803,0.020926518
"1671","LVNTA",0.030813338,1.192132704,0.031029626
"1672","LVNTB",0.029330005,-1.935872166,0.056230875
"1673","LVS",0.016160537,3.908419426,0.017449564
"1674","LWAY",0.066909091,-1.410324512,0.018101524
"1675","LXK",0.024487623,0.930056876,0.020681802
"1676","LXU",0.028660436,-0.238386135,0.018323131
"1677","LYTS",0.156921607,-1.8749131,0.032299149
"1678","LYV",0.042546107,1.549317101,0.017462651
"1679","LZB",0.047639761,0.096226473,0.018027776
"1680","M",0.017393146,3.010582994,0.015011761
"1681","MA",0.013530208,4.410066664,0.012032796
"1682","MACK",0.1160444,-0.095487168,0.038025103
"1683","MAG",0.032946767,-2.233541124,0.032093015
"1684","MAMS",0.192921622,-2.603345808,0.019679173
"1685","MAN",0.015483419,1.637164149,0.018568515
"1686","MANH",0.028614795,0.956284539,0.019423201
"1687","MANT",0.036556098,-0.41688798,0.014795068
"1688","MAR",0.014797706,2.950566615,0.018565234
"1689","MARA",0.078024554,-2.60149911,0.045863322
"1690","MARK",0.188492917,-2.734066025,0.041770286
"1691","MAS",0.04461428,2.077344951,0.018212997
"1692","MASI",0.044362149,0.165790706,0.023645995
"1693","MAT",0.032705762,2.337593188,0.012860141
"1694","MATR",0.175238095,-2.065433455,0.033979357
"1695","MATW",0.023023714,0.355946044,0.013575749
"1696","MATX",0.038257456,0.115689014,0.0169634
"1697","MAYS",0.019672417,-2.279401201,0.027310524
"1698","MBCN",0.029652454,-2.672268007,0.015304773
"1699","MBFI",0.035526174,0.743188554,0.016993973
"1700","MBI",0.107819239,0.582693287,0.021182176
"1701","MBRG",0.056656805,-2.073617276,0.01350525
"1702","MBUU",0.056483301,-1.297813741,0.023197978
"1703","MBVT",0.034054902,-1.682870739,0.017282642
"1704","MBWM",0.051663335,-1.119764248,0.016542374
"1705","MC",0.031327041,-0.726942317,0.020399759
"1706","MCBK",0.052247648,-2.845237367,0.012452728
"1707","MCD",0.010835921,4.506543106,0.007076902
"1708","MCF",0.029673973,-0.426967293,0.037586347
"1709","MCHP",0.023863377,2.128375383,0.019440923
"1710","MCK",0.005109873,3.813526021,0.013689309
"1711","MCO",0.010617917,2.989361696,0.012556081
"1712","MCRI",0.078546547,-1.547342955,0.029820505
"1713","MCRL",0.086203666,-0.420085734,0.019677377
"1714","MCS",0.063472789,-1.226122476,0.017230993
"1715","MCY",0.019887248,1.016459112,0.009370812
"1716","MD",0.018368113,1.695772221,0.013768657
"1717","MDAS",0.046367696,0.260517825,0.021502325
"1718","MDC",0.039370753,0.21457531,0.017720624
"1719","MDCO",0.044443586,0.383282535,0.02846249
"1720","MDGN",0.194207385,-2.336476966,0.039316999
"1721","MDLY",0.062377956,-2.342435113,0.022891713
"1722","MDLZ",0.029533183,4.040550634,0.01172772
"1723","MDP",0.021684611,0.535403942,0.015237961
"1724","MDRX",0.074430044,0.884173824,0.01431252
"1725","MDSO",0.023713418,0.824533417,0.025485587
"1726","MDT",0.015474773,4.14746744,0.011773947
"1727","MDU",0.036802944,1.661631497,0.013164868
"1728","MDVN",0.010256822,2.022309358,0.023261069
"1729","MDXG",0.121631984,-0.136530665,0.035500743
"1731","MED",0.031958204,-0.919925771,0.017599366
"1732","MEG",0.071791991,0.203072383,0.028380224
"1733","MEI",0.027400524,0.32985548,0.022218541
"1734","MEIP",0.131790053,-1.809592522,0.032796545
"1735","MELI",0.008989678,1.590253502,0.023161421
"1736","MELR",0.076365025,-3.333798226,0.016787915
"1737","MENT",0.050621767,0.810928559,0.016508148
"1738","MERC",0.094444216,-0.38722569,0.033376132
"1739","MET",0.019643848,4.046696048,0.012286037
"1740","METR",0.04279229,-1.103300105,0.012439847
"1741","MFI",0.120538756,-2.122763424,0.014978351
"1742","MFLX",0.107506778,-1.49068768,0.025221755
"1743","MFNC",0.092822257,-2.814600049,0.034174681
"1744","MFRI",0.110961019,-2.723142325,0.023960838
"1745","MFRM",0.016808381,0.712877083,0.014530905
"1746","MFSF",0.045620637,-1.846674035,0.023136784
"1747","MG",0.058188074,-0.713500848,0.01828846
"1748","MGAM",0.029006161,0.024295679,0.011873086
"1749","MGCD",0.150161129,-3.564136061,0.018745766
"1750","MGEE",0.0247086,0.33750054,0.013558938
"1751","MGI",0.081148785,-0.410815523,0.028358138
"1752","MGLN",0.01779924,0.439465092,0.01474989
"1753","MGM",0.045577045,2.375828354,0.020515386
"1754","MGNX",0.050784959,-0.604892675,0.035191099
"1755","MGPI",0.080122622,-1.513820597,0.032346468
"1756","MGRC",0.028664544,-0.099334016,0.014817576
"1757","MGYR",0.116935873,-3.001256946,0.010118913
"1758","MHFI",0.012148358,3.103690126,0.013716681
"1759","MHGC",0.129833474,-1.329261183,0.014638547
"1760","MHH",0.101788332,-3.170746033,0.026653247
"1761","MHK",0.007560095,2.264809858,0.015291888
"1762","MHO",0.048500696,-0.685156821,0.01935536
"1763","MIC",0.014984201,1.541805115,0.014128563
"1764","MIDD",0.011744761,1.583649408,0.015696717
"1765","MIG",0.161892025,-1.173315459,0.017706002
"1766","MIK",0.05634907,1.286110167,0.015868078
"1767","MIND",0.096186015,-2.022396114,0.033811464
"1768","MINI",0.025847634,0.576247591,0.022057068
"1769","MJN",0.010238513,2.982120544,0.017541295
"1770","MKC",0.014686688,0.946162217,0.007793206
"1771","MKL",0.001524709,2.21481372,0.00855335
"1772","MKSI",0.02977539,0.57686469,0.017211535
"1773","MKTO",0.032420394,0.23905973,0.031296689
"1774","MKTX",0.015870661,0.857395211,0.014994126
"1775","MLAB",0.015234966,-1.467014999,0.024729157
"1776","MLHR",0.033265116,0.580509385,0.013191708
"1777","MLI",0.034160107,0.505469354,0.014313113
"1778","MLM",0.008513694,2.060922121,0.019243699
"1779","MLP",0.167880761,-2.191288541,0.020939667
"1780","MLR",0.056322852,-1.607056251,0.022996561
"1781","MLVF",0.089263191,-2.610913199,0.004204265
"1782","MMAC",0.119395857,-2.797415102,0.00869838
"1783","MMC",0.01947997,3.329652463,0.01007798
"1784","MMI",0.035050824,0.042744261,0.025658198
"1785","MMM",0.00707194,4.516229103,0.012085931
"1786","MMS",0.023717942,1.036197033,0.013278547
"1787","MMSI",0.076682003,-0.576890383,0.023034141
"1788","MN",0.062848399,-1.523332157,0.017449088
"1789","MNKD",0.181882883,0.798767947,0.036435281
"1790","MNRK",0.081048728,-2.030102909,0.017814488
"1791","MNRO",0.019958867,0.458219934,0.016508721
"1792","MNST",0.010512748,2.768672164,0.013203776
"1793","MNTA",0.089421096,-0.527818552,0.033202
"1794","MNTX",0.094861008,-1.927572188,0.030209957
"1795","MO",0.021451822,4.52647665,0.009217618
"1796","MOBL",0.103162144,-0.308410436,0.036120999
"1797","MOCO",0.067688408,-2.479743505,0.015950476
"1798","MOD",0.083706373,-0.559120077,0.023425915
"1799","MODN",0.105301712,-1.444248087,0.02276757
"1800","MOFG",0.041150791,-1.595872625,0.018573262
"1801","MOG",0.014204259,-0.168305685,0.011386017
"1802","MOH",0.022694308,0.718267188,0.021082216
"1803","MON",0.009015648,4.059919641,0.011257665
"1804","MORN",0.015329143,1.068475103,0.013318992
"1805","MOS",0.02355978,2.669644871,0.012982788
"1806","MOV",0.029469422,-0.456015142,0.014361931
"1808","MPAA",0.039239103,-0.785782492,0.026137416
"1809","MPB",0.064960429,-2.921974633,0.011563915
"1810","MPC",0.012043398,3.156649286,0.022788148
"1811","MPWR",0.024768335,0.445559069,0.025776163
"1812","MPX",0.129184453,-1.219800977,0.024770894
"1813","MRC",0.047020341,0.773390074,0.018802923
"1814","MRCC",0.073337627,-2.04197068,0.015293265
"1815","MRCY",0.084899044,-0.976919735,0.022869126
"1816","MRD",0.040555791,1.56022692,0.035046069
"1817","MRIN",0.115764043,-1.20227722,0.029039865
"1818","MRK",0.017545466,5.101769977,0.012743131
"1819","MRLN",0.053843993,-1.436561888,0.017312401
"1820","MRNS",0.150819672,-2.386220951,0.070165336
"1821","MRO",0.028842295,3.151380248,0.018142514
"1822","MRTN",0.055023923,-0.500150571,0.02208363
"1823","MRTX",0.057510064,-1.447339087,0.031438022
"1824","MRVC",0.08305081,-2.424005213,0.03230984
"1825","MS",0.029542856,4.196212731,0.013144983
"1826","MSA",0.019952461,0.627051335,0.019197733
"1827","MSBF",0.117352926,-3.153800594,0.025687178
"1828","MSCC",0.041552247,0.831960507,0.021636324
"1829","MSCI",0.022119213,1.659315553,0.012172445
"1830","MSEX",0.048243314,-1.097782912,0.01393781
"1831","MSFG",0.057445427,-1.032534068,0.01866172
"1832","MSFT",0.022125809,5.920690474,0.012090424
"1833","MSG",0.015304153,1.427969697,0.015769015
"1834","MSI",0.016269134,2.735304592,0.010685984
"1835","MSL",0.053448596,-1.550456571,0.01664947
"1836","MSM",0.012018477,1.40441456,0.014065642
"1837","MSON",0.09013952,-2.498268405,0.043810801
"1838","MSTR",0.00681738,0.290279257,0.021985324
"1839","MTB",0.008419789,2.751588656,0.010239968
"1840","MTD",0.004032138,1.968683539,0.012313546
"1841","MTDR",0.043857976,0.512053749,0.045827451
"1842","MTEX",0.069160036,-3.255820827,0.028289082
"1843","MTG",0.122666667,1.014020287,0.020290353
"1844","MTH",0.027651875,0.34627296,0.020338932
"1845","MTN",0.011902359,1.112796733,0.013667207
"1846","MTOR",0.094611271,0.032720007,0.026680161
"1847","MTRN",0.03135993,-0.42529896,0.026207189
"1848","MTRX",0.042890443,-0.481812876,0.023690072
"1849","MTSC",0.014782726,0.026199842,0.018582001
"1850","MTSI",0.047511826,0.000364675,0.03133777
"1851","MTW",0.050042427,0.990188876,0.029099001
"1852","MTX",0.015669069,0.78496147,0.016821883
"1853","MTZ",0.037480649,0.77779378,0.030957484
"1854","MU",0.032350625,3.499374939,0.023091591
"1855","MUR",0.01888202,2.240688202,0.018710414
"1856","MUSA",0.018764941,0.889619323,0.015607952
"1857","MVNR",0.090054816,-1.143242385,0.036813851
"1858","MW",0.021961234,0.782749122,0.01605325
"1859","MWA",0.113445793,0.339866571,0.020396689
"1860","MWIV",0.006609205,0.668464205,0.017030941
"1861","MWRX",0.120573511,-2.469777047,0.002839253
"1862","MWV",0.024406031,1.931279504,0.01401796
"1863","MX",0.093158897,-0.981316605,0.020688797
"1864","MXC",0.167734332,-4.411179815,0.028663927
"1865","MXIM",0.035853468,2.064556425,0.019361742
"1866","MXL",0.148809524,-1.611998701,0.026786459
"1867","MXWL",0.109289617,-1.30740689,0.045486569
"1868","MYCC",0.053285145,0.189716533,0.016427694
"1869","MYE",0.062791777,-0.684947542,0.024338732
"1870","MYGN",0.02662715,1.007965093,0.022895181
"1871","MYL",0.020040342,2.9261729,0.023007539
"1872","MYOS",0.087627694,-3.41246069,0.052380482
"1873","MYRG",0.041403395,-0.683455275,0.016015833
"1874","N",0.010694789,1.963469501,0.023677343
"1875","NAII",0.162808806,-3.147138507,0.018253127
"1876","NAME",0.104346248,-1.730985223,0.037653264
"1877","NANO",0.069908815,-1.063969804,0.02436404
"1878","NATH",0.014502074,-1.176128481,0.020799962
"1879","NATI",0.033923804,1.323628805,0.0154159
"1880","NATL",0.036294204,-0.607104373,0.013364271
"1881","NATR",0.068977927,-1.295940978,0.018866572
"1882","NAV",0.030331004,0.985747475,0.024897775
"1883","NAVG",0.01561312,-0.090452241,0.013725703
"1884","NAVI",0.055116884,2.006189835,0.014070383
"1885","NBBC",0.124843945,-1.301284592,0.023647958
"1886","NBCB",0.029819785,-0.473897322,0.01547987
"1887","NBHC",0.052501826,-0.293090643,0.013906306
"1888","NBIX",0.059898173,0.236285683,0.02924284
"1889","NBL",0.016872066,3.063498141,0.02221158
"1890","NBN",0.111520559,-2.477143575,0.009539378
"1891","NBS",0.191570881,-1.685730224,0.030579665
"1892","NBTB",0.042465197,0.028072849,0.015950975
"1893","NBTF",0.03325139,-2.271066044,0.007090692
"1894","NC",0.019583635,-1.178850643,0.023702622
"1895","NCFT",0.061849571,-1.273934469,0.01953807
"1896","NCI",0.071827863,-0.386904903,0.021773877
"1897","NCIT",0.10624489,-2.555723016,0.030050127
"1898","NCMI",0.066521092,-0.118572727,0.015591837
"1899","NCR",0.034969288,1.566120581,0.024315916
"1900","NCS",0.053216104,0.322886694,0.017994333
"1901","NDAQ",0.024185577,1.939929431,0.011982474
"1902","NDLS",0.047667406,-0.476603536,0.025511533
"1903","NDSN",0.013773775,1.520866677,0.014220756
"1904","NECB",0.14524952,-2.462766118,0.010039831
"1905","NEE",0.010471824,3.729440923,0.011472591
"1906","NEM",0.044940308,2.405620272,0.018747388
"1907","NEOG",0.024020637,0.42941132,0.021274472
"1908","NES",0.093257106,-1.268081957,0.045120092
"1909","NEU",0.002672206,1.553473695,0.014127105
"1910","NEWM",0.059109249,-0.48128362,0.02347351
"1911","NEWP",0.056909563,-0.357622156,0.022255416
"1912","NEWS",0.080676278,-0.525533724,0.029555634
"1913","NEWT",0.161301634,-2.267714518,0.025256606
"1914","NFBK",0.072832059,-0.363462369,0.014808643
"1915","NFG",0.014566089,1.753321927,0.014078661
"1916","NFLX",0.002424342,3.208096724,0.019227836
"1917","NFX",0.03259822,1.42826751,0.035542136
"1918","NGHC",0.054974604,0.529581563,0.020228862
"1919","NGS",0.042546107,-1.224181585,0.028441879
"1920","NGVC",0.05924018,-0.969694841,0.025466411
"1921","NHC",0.017499011,-0.207354599,0.014078682
"1922","NHTB",0.063619302,-2.043536186,0.012738096
"1923","NI",0.024440265,2.557106153,0.013451697
"1924","NILE",0.033836467,-1.051291612,0.025524742
"1925","NJR",0.018843037,0.805324892,0.013859483
"1926","NKE",0.011217378,4.11951736,0.011349814
"1927","NKSH",0.034839511,-1.612762824,0.017369764
"1928","NKTR",0.077429346,0.503805806,0.02855788
"1929","NL",0.144572255,-1.088663252,0.018887119
"1930","NLNK",0.034962377,-0.256396302,0.078322125
"1931","NLS",0.079969403,-0.941098099,0.023260618
"1932","NMBL",0.04014382,0.60186895,0.026093141
"1933","NMFC",0.068452381,-0.269718499,0.009257862
"1934","NMIH",0.116514691,-0.691645013,0.020748137
"1935","NMRX",0.087009155,-1.525116927,0.026205425
"1936","NNBR",0.042312079,-0.808939491,0.024256411
"1937","NNI",0.022413222,0.43985639,0.012566218
"1938","NOC",0.007836644,3.27648926,0.013779414
"1939","NOG",0.085760095,-0.34575315,0.047177651
"1940","NOV",0.013885535,3.433215452,0.020313347
"1942","NOW",0.016528094,2.174504248,0.026839015
"1943","NP",0.018114373,-0.087640284,0.013526481
"1944","NPBC",0.102887562,0.31488381,0.014224002
"1945","NPK",0.016625464,-0.878174615,0.019828351
"1946","NPO",0.016345559,0.383073068,0.015419765
"1947","NPSP",0.038721191,1.011595324,0.03843466
"1948","NR",0.090801421,-0.08275787,0.024607859
"1949","NRCIA",0.070060008,-1.215739609,0.040954042
"1950","NRCIB",0.029487009,-2.139177333,0.033206368
"1951","NRG",0.033676936,2.304918243,0.016721089
"1952","NRIM",0.036180019,-1.667091489,0.017150066
"1953","NSAM",0.056343549,1.207591758,0.018596082
"1954","NSC",0.009259483,3.509032763,0.014750662
"1955","NSEC",0.074782205,-3.396383672,0.018861389
"1956","NSIT",0.042823363,-0.044650115,0.024419082
"1957","NSM",0.030184915,1.102430187,0.026358595
"1958","NSP",0.035055097,-0.319662528,0.011798221
"1959","NSR",0.039578744,0.347474181,0.019485978
"1960","NSTG",0.10028341,-1.709958588,0.041080287
"1961","NSYS",0.186596679,-4.220342625,0.012415051
"1962","NTAP",0.024906735,2.545169418,0.013453083
"1963","NTCT",0.026166991,0.446486808,0.028397722
"1964","NTGR",0.031461381,0.094068529,0.018701525
"1965","NTIC",0.051300352,-2.433706279,0.029332359
"1966","NTK",0.013098174,0.208470316,0.018710339
"1967","NTLS",0.098261204,-1.515714447,0.027927276
"1968","NTRI",0.06307937,-0.785443127,0.019949355
"1969","NTRS",0.01540347,2.726736108,0.013517639
"1970","NU",0.021152926,2.704797027,0.010795227
"1971","NUAN",0.068045324,1.550465575,0.018462764
"1972","NUE",0.019526276,2.792438053,0.016389346
"1973","NUS",0.021211646,1.020657872,0.031398335
"1974","NUTR",0.045657568,-1.551797723,0.020154614
"1975","NUVA",0.027757329,0.526420064,0.020425672
"1976","NVDA",0.055419016,2.280305543,0.016578956
"1977","NVEC",0.015184224,-1.141337067,0.01958011
"1978","NVEE",0.11030937,-2.957789444,0.019938733
"1979","NVSL",0.128908448,-2.913028902,0.009529125
"1980","NWBI",0.081529927,0.152603594,0.012031789
"1981","NWE",0.020234189,0.658986015,0.012380114
"1982","NWFL",0.035355809,-2.271909778,0.00635459
"1983","NWHM",0.071342163,-1.469622034,0.020113923
"1984","NWL",0.029411389,2.230642641,0.013251246
"1985","NWLI",0.004073717,-0.170846169,0.01455066
"1986","NWN",0.022430927,0.191566428,0.01007201
"1987","NWPX",0.029739969,-1.139457129,0.014413702
"1988","NWS",0.066381898,1.100545018,0.013200708
"1989","NWSA",0.065083902,1.765244192,0.014645398
"1990","NX",0.053910883,-0.363107393,0.015914589
"1991","NXST",0.024536736,0.228794656,0.025797369
"1992","NXTM",0.072102574,-0.15390179,0.017959894
"1993","NYCB",0.065023182,1.91785178,0.008657408
"1994","NYLD",0.021710402,0.46448805,0.02105015
"1995","NYNY",0.155779065,-1.377865133,0.037174049
"1996","NYT",0.079280273,0.633541337,0.024738901
"1997","OABC",0.037484925,-1.175163607,0.010410204
"1998","OAS",0.030280689,1.19909965,0.032558485
"1999","OC",0.032438684,1.287315963,0.017842988
"2000","OCFC",0.062370344,-1.293451724,0.0187188
"2001","OCN",0.043193299,1.10057021,0.036881507
"2002","OCR",0.015857913,1.819191237,0.010875745
"2003","OCRX",0.18408851,-2.234625581,0.04540816
"2004","OCUL",0.070377283,-1.194767135,0.038810534
"2005","ODC",0.03625873,-1.983193247,0.022174681
"2006","ODFL",0.014569872,1.776585404,0.017147197
"2007","OESX",0.187494905,-2.155327883,0.02517818
"2008","OFED",0.05406868,-2.226663515,0.022981971
"2009","OFG",0.067170935,-0.399413903,0.017130237
"2010","OFLX",0.046739418,-1.538387877,0.025268318
"2011","OGE",0.027502421,1.979840697,0.012233578
"2012","OGS",0.027819103,0.624987817,0.013681365
"2013","OHRP",0.138905665,-1.704942558,0.026961381
"2014","OI",0.039474813,1.428914298,0.019256807
"2015","OII",0.015681676,1.92902182,0.020831914
"2016","OIS",0.016985953,1.157114429,0.020139697
"2017","OKE",0.016725448,2.519325912,0.021114544
"2018","OKSB",0.059118365,-1.105956948,0.017496862
"2019","OLBK",0.064215317,-1.784138394,0.017407372
"2020","OLED",0.032890268,0.354692753,0.024115907
"2021","OLN",0.040919442,0.651835679,0.016825647
"2022","OMC",0.01475229,2.833780908,0.011409058
"2023","OMCL",0.035726213,-0.004442516,0.017616894
"2024","OME",0.077018384,-1.296272182,0.021474546
"2025","OMED",0.05050616,-0.529849387,0.038850405
"2026","OMER",0.077348624,-0.825642685,0.043101824
"2027","OMG",0.042086002,-0.283390201,0.019782954
"2028","OMI",0.030605863,0.722846327,0.012027242
"2029","OMN",0.17260788,-1.295015006,0.025966888
"2030","ONB",0.077152729,0.389022944,0.016530722
"2031","ONFC",0.075532694,-2.375610062,0.007501332
"2032","ONNN",0.125552705,1.248258694,0.02282695
"2033","ONVO",0.164638511,-0.741758935,0.0397697
"2034","OPB",0.033981192,-0.191374998,0.01980096
"2035","OPHT",0.02548053,0.275730821,0.025479338
"2036","OPK",0.119791667,1.276102181,0.014569672
"2037","OPLK",0.059491477,-1.255483217,0.021794834
"2038","OPOF",0.065838438,-2.586063775,0.00767566
"2039","OPWR",0.057223895,-0.149589136,0.027415368
"2040","OPY",0.045652131,-1.217170203,0.020391886
"2041","ORA",0.036484772,0.220750041,0.015728237
"2042","ORB",0.036073339,0.517643233,0.022343687
"2043","ORBC",0.164238789,-1.090496993,0.030740774
"2044","ORCL",0.02604668,5.136499134,0.01053211
"2045","ORI",0.069942829,1.315983175,0.012449178
"2046","ORIT",0.070785566,-0.457185481,0.01210905
"2047","ORLY",0.006319454,2.783306312,0.010916861
"2048","ORMP",0.133896007,-2.585501365,0.039308255
"2049","ORN",0.105519108,-1.34789609,0.025004786
"2050","ORRF",0.060957833,-1.998310638,0.008530277
"2051","OSGB",0.181643726,-3.506284165,0.031799231
"2052","OSHC",0.071141113,-2.39761219,0.009106971
"2053","OSIR",0.077464552,-0.815109971,0.02790168
"2054","OSIS",0.015683921,0.232284559,0.017988708
"2055","OSK",0.022945161,1.309018459,0.020211126
"2056","OSTK",0.054323437,-0.825621833,0.029857609
"2057","OSUR",0.122876376,-0.786917698,0.030796842
"2058","OTIC",0.042519365,-0.69978824,0.04702106
"2059","OTTR",0.034950689,0.050631049,0.012848914
"2060","OUTR",0.017981815,0.048922127,0.021593231
"2061","OVAS",0.060967528,-0.949608211,0.040709719
"2062","OVBC",0.043149493,-2.354002714,0.009045343
"2063","OVLY",0.099471245,-2.511245561,0.007392838
"2064","OVTI",0.038593842,0.399899792,0.018596476
"2065","OWW",0.125190507,-0.127767007,0.020942395
"2066","OXM",0.016541883,-0.00453918,0.014282675
"2067","OXY",0.011047442,4.255674871,0.016138652
"2068","OZRK",0.030969966,0.94413794,0.018504772
"2069","P",0.045764769,1.503549166,0.030426501
"2070","PACB",0.18336921,-0.953878697,0.037802987
"2071","PACW",0.024782346,1.423601164,0.013078259
"2072","PAG",0.024100931,1.318811104,0.021773996
"2073","PAH",0.039035318,1.261779269,0.029748357
"2074","PAHC",0.042407648,-0.890084437,0.034694268
"2075","PANW",0.009893069,2.084870559,0.027353839
"2076","PARR",0.063523628,-0.550178217,0.021630155
"2077","PATK",0.024639909,-0.864972786,0.026987638
"2078","PATR",0.027250539,-1.03462798,0.028406222
"2079","PAY",0.030147329,1.319305254,0.022879068
"2080","PAYC",0.061538462,-0.188090253,0.023018754
"2081","PAYX",0.022500379,2.780084112,0.009294975
"2082","PB",0.01776487,1.367232837,0.012423824
"2083","PBCP",0.096298818,-3.362763979,0.008452154
"2084","PBCT",0.070096306,1.47920622,0.011710066
"2085","PBF",0.042075993,0.733541838,0.029145912
"2086","PBH",0.030789002,0.522475,0.016872087
"2087","PBHC",0.076012302,-3.159619652,0.01579389
"2088","PBI",0.041614648,1.583421355,0.01704294
"2089","PBIP",0.082384095,-2.155403555,0.005158734
"2090","PBPB",0.07978216,-1.012162022,0.027056952
"2091","PBSK",0.067141523,-2.850532468,0.011683668
"2092","PBY",0.113557816,-0.757044809,0.018098371
"2093","PBYI",0.004269799,1.952011372,0.030500087
"2094","PCAR",0.016905798,3.041221783,0.01455217
"2095","PCBK",0.073779432,-1.42706522,0.018174642
"2096","PCCC",0.045198184,-0.541773297,0.019771569
"2097","PCG",0.021703641,3.07802338,0.011802011
"2098","PCMI",0.105681531,-2.145245023,0.019839832
"2099","PCP",0.004448175,3.473543553,0.013864515
"2100","PCRX",0.00999887,1.280752177,0.031329318
"2101","PCTI",0.135529301,-1.991475072,0.018158465
"2102","PCTY",0.045970579,0.074063176,0.032421915
"2103","PCYC",0.00855545,2.175110602,0.027975607
"2104","PCYG",0.121622336,-1.963248153,0.046536129
"2105","PCYO",0.164004564,-1.920496542,0.01982844
"2106","PDCE",0.022833203,0.449280261,0.041481403
"2107","PDCO",0.024165502,1.452346647,0.009873214
"2108","PDFS",0.081462067,-0.967733071,0.02775318
"2109","PDLI",0.125841221,0.240592425,0.019714187
"2110","PE",0.055416345,0.524853838,0.038594978
"2111","PEBK",0.058464905,-2.342769757,0.011394753
"2112","PEBO",0.041004065,-1.064208498,0.019422674
"2113","PEG",0.026014274,2.967245964,0.012953954
"2114","PEGA",0.050661909,0.409379574,0.019985091
"2115","PEGI",0.034554769,0.296081696,0.026713638
"2116","PEIX",0.084193572,-1.245035141,0.065388363
"2117","PENN",0.084666213,-0.075516132,0.025155266
"2118","PENX",0.063544688,-1.628370515,0.014401213
"2119","PEOP",0.048766525,-2.056455772,0.009159069
"2120","PEP",0.010673498,4.949585764,0.009096889
"2121","PERF",0.161826074,-2.348434532,0.010888039
"2122","PERY",0.049104379,-1.137689185,0.019862486
"2123","PES",0.091168543,-0.37172284,0.045291682
"2124","PETM",0.014711338,1.909387678,0.012584635
"2125","PETS",0.076297894,-1.325869816,0.017848021
"2126","PETX",0.095761512,-1.034743097,0.047624444
"2127","PF",0.030515311,1.346268648,0.009264764
"2128","PFBC",0.041001872,-1.113512707,0.016710149
"2129","PFBI",0.069082989,-2.141640653,0.012226858
"2130","PFBX",0.076420846,-2.7027224,0.006944717
"2131","PFE",0.03468243,5.208323549,0.010020042
"2132","PFG",0.019897399,2.692354006,0.013292602
"2133","PFIN",0.12667842,-3.50860536,0.014174122
"2134","PFIS",0.021030494,-1.025501662,0.034949561
"2135","PFMT",0.122915776,-0.913582214,0.020224954
"2136","PFNX",0.133164273,-1.880562834,0.024490917
"2137","PFPT",0.026359823,0.360226166,0.038504928
"2138","PFS",0.059083436,0.099282507,0.014000959
"2139","PFSI",0.06557377,-1.115629717,0.016536531
"2140","PFSW",0.093132491,-1.713118402,0.023610334
"2141","PG",0.011860561,5.430158933,0.008103219
"2142","PGC",0.05423505,-1.484980357,0.014739936
"2143","PGEM",0.095570514,-0.343527553,0.022306552
"2144","PGI",0.087505707,-0.620246468,0.018727287
"2145","PGR",0.039384236,2.706476981,0.009257069
"2146","PGTI",0.10728863,-0.813615213,0.02635429
"2147","PH",0.008901721,2.814582787,0.015749388
"2148","PHH",0.044169611,0.262414772,0.013349026
"2149","PHII",0.02483251,-2.145729429,0.011610146
"2150","PHIIK",0.024478241,-0.666938134,0.027374165
"2151","PHM",0.054484294,1.929783564,0.018547673
"2152","PHX",0.034104389,-1.018297415,0.047593042
"2153","PICO",0.048062858,-0.747555705,0.01705171
"2154","PIH",0.130319072,-3.020813363,0.021974702
"2155","PII",0.006856053,2.264062431,0.015182464
"2156","PIKE",0.084024404,-0.963317725,0.002554286
"2157","PINC",0.031629033,0.023216337,0.015608754
"2158","PIR",0.081450528,0.119129454,0.017474538
"2159","PJC",0.019914972,-0.208011507,0.019968432
"2160","PKBK",0.091924659,-2.730994971,0.01528345
"2161","PKE",0.042976998,-0.720833285,0.024210518
"2162","PKG",0.015395325,1.85280098,0.018707004
"2163","PKI",0.023983316,1.548872728,0.014907861
"2164","PKOH",0.020659672,-0.503368148,0.020013729
"2165","PKT",0.133806504,-1.87545377,0.030284485
"2166","PL",0.014397045,1.705595738,0.001573797
"2167","PLAB",0.120204871,-0.663879682,0.021154383
"2168","PLAY",0.054162012,-0.325892467,0.031415624
"2169","PLBC",0.125651956,-3.266235026,0.013409659
"2170","PLCE",0.020762245,0.037386276,0.015859508
"2171","PLCM",0.084283044,0.479955088,0.020595732
"2172","PLKI",0.023067125,0.008215358,0.013404399
"2173","PLL",0.011802195,2.202007822,0.010672253
"2174","PLMT",0.068073519,-1.672412344,0.014279487
"2175","PLOW",0.050618425,-0.82119017,0.013904549
"2176","PLPC",0.019245574,-1.279988322,0.029870565
"2177","PLT",0.021511612,0.68784143,0.01411451
"2178","PLUS",0.017116024,-0.833976868,0.015940434
"2179","PLXS",0.026986753,0.219380916,0.020478858
"2180","PM",0.011640619,4.89883169,0.008151743
"2181","PMBC",0.144057022,-2.009497019,0.020059304
"2182","PMC",0.038332694,-0.244450629,0.018861468
"2183","PMCS",0.140338032,0.342098835,0.019005649
"2184","PMD",0.071238109,-2.584631065,0.019377244
"2185","PMFG",0.192058787,-2.201038978,0.021629233
"2186","PNC",0.012102779,3.7977911,0.010537273
"2187","PNFP",0.027756994,0.249833892,0.0164046
"2188","PNK",0.041655347,0.360416737,0.019987285
"2189","PNM",0.03723189,0.759661236,0.013726681
"2190","PNNT",0.093366891,-0.217985722,0.014308911
"2191","PNRA",0.00603251,1.444572003,0.01276063
"2192","PNRG",0.015837002,-1.910922714,0.020932698
"2193","PNW",0.017318755,1.85191443,0.011501047
"2194","PNX",0.017486106,-1.121400253,0.02893503
"2195","PNY",0.028069319,1.025704197,0.011793191
"2196","PODD",0.025849086,0.772854963,0.021457179
"2197","POL",0.028506978,1.17374187,0.017509274
"2198","POM",0.037124917,1.913408312,0.006492421
"2199","POOL",0.017772283,0.891478884,0.015135621
"2200","POR",0.029227504,0.983517829,0.011617866
"2201","POST",0.029062788,0.431867472,0.018263374
"2202","POWI",0.020135168,0.380280403,0.027485301
"2203","POWL",0.02361566,-0.675329901,0.026510717
"2204","POWR",0.102027237,-1.520855619,0.036358664
"2205","POZN",0.120412544,-1.332891609,0.022673386
"2206","PPBI",0.067387419,-1.374064666,0.012561
"2207","PPC",0.034110459,2.024676398,0.030955019
"2208","PPG",0.005272206,3.262859616,0.015980338
"2209","PPL",0.029502687,3.114190362,0.010767497
"2210","PPO",0.025342956,0.571033596,0.02078401
"2211","PPSI",0.127668479,-2.87946833,0.030097923
"2212","PRA",0.022144129,0.968350443,0.008437687
"2213","PRAA",0.016962653,1.081728536,0.017586398
"2214","PRCP",0.103461461,-2.425719428,0.024495831
"2215","PRFT",0.067149364,-0.716554959,0.02533748
"2216","PRGS",0.040127011,0.223445496,0.014019904
"2217","PRGX",0.174150072,-1.85522459,0.03589818
"2218","PRI",0.021033956,0.947995542,0.011299688
"2219","PRIM",0.038644421,0.286903539,0.023739761
"2220","PRK",0.012852321,0.179625672,0.013109661
"2221","PRLB",0.014955945,0.540911075,0.027801313
"2222","PRO",0.041179525,-0.352348001,0.023358599
"2223","PROV",0.069177093,-2.022746309,0.008900611
"2224","PRSC",0.023655737,-0.463544076,0.026126972
"2225","PRTK",0.0625,-1.466689131,0.039931159
"2226","PRTO",0.099950025,-1.897020689,0.023088282
"2227","PRU",0.011923276,3.647770714,0.013309793
"2228","PRXL",0.016493071,1.208063788,0.017395628
"2229","PSBH",0.133792571,-3.018282666,0.027685563
"2230","PSEM",0.102272222,-1.540983826,0.025524154
"2231","PSIX",0.016524294,-0.43284305,0.030730545
"2232","PSMI",0.080732914,-0.862932132,0.002845112
"2233","PSMT",0.011490865,0.966450943,0.013100925
"2234","PSTB",0.144309198,-1.169336564,0.018777543
"2235","PSX",0.013235658,3.741785156,0.021401011
"2236","PTC",0.027679662,1.423976572,0.012479631
"2237","PTCT",0.025640168,0.224322491,0.040299495
"2238","PTEN",0.039030019,1.315668885,0.038947992
"2239","PTLA",0.036903921,0.258434528,0.0319428
"2240","PTRY",0.042622981,-0.597661554,0.023230847
"2241","PTSI",0.026226966,-1.190803681,0.035498332
"2242","PTX",0.113194547,-1.090625209,0.039238523
"2243","PULB",0.088053815,-2.019926062,0.008670337
"2244","PVA",0.11082201,-0.454317446,0.060171261
"2245","PVH",0.008631819,2.255659487,0.01452538
"2246","PVTB",0.034023417,0.826676919,0.01921176
"2247","PWOD",0.022408199,-1.539454195,0.020413956
"2248","PWR",0.030359429,1.944220671,0.015372255
"2249","PWX",0.058126605,-2.48221472,0.015697826
"2250","PX",0.008049952,3.590910476,0.011266452
"2251","PXD",0.00552095,3.254324735,0.027161381
"2252","PXLW",0.177291297,-2.039838832,0.040888788
"2253","PZN",0.103626943,-2.049299631,0.031821611
"2254","PZZA",0.023603543,0.530995427,0.016494275
"2255","PZZI",0.138621106,-2.701177738,0.020628169
"2256","Q",0.018019712,1.954587785,0.01592353
"2257","QADA",0.052179042,-1.326776648,0.024106806
"2258","QADB",0.059994246,-2.854886661,0.020131939
"2259","QCOM",0.013471208,4.819028979,0.010996653
"2260","QCRH",0.056209308,-1.957536718,0.006922384
"2261","QDEL",0.036934738,-0.071411501,0.025410578
"2262","QEP",0.039355258,1.515565547,0.030641757
"2263","QLGC",0.096697568,-0.097461798,0.019865569
"2264","QLIK",0.039304146,0.830043152,0.025557735
"2265","QLTY",0.083747519,-1.094921318,0.029633143
"2266","QLYS",0.034933171,-0.049741909,0.026298523
"2267","QSII",0.071374265,-0.169803913,0.020492007
"2269","QTWO",0.070021615,-0.717269568,0.026912881
"2270","QUAD",0.050192039,-0.372873064,0.020346691
"2271","QUMU",0.075977801,-2.16187242,0.029781912
"2272","QVCA",0.038277512,2.455605288,0.019630018
"2273","QVCB",0.037781757,-0.271278409,0.014040868
"2274","R",0.011783994,1.504094145,0.020062886
"2275","RAI",0.016667029,3.461489358,0.010684946
"2276","RAIL",0.031547905,-0.962068776,0.030772832
"2277","RALY",0.093869888,-1.31931771,0.033062818
"2278","RARE",0.019931194,0.465995086,0.037406506
"2279","RATE",0.095483228,0.088286425,0.025703713
"2280","RAVN",0.04126967,-0.12348565,0.021081488
"2281","RAX",0.028433324,1.614557859,0.019607079
"2282","RBC",0.015083451,1.096611729,0.013843754
"2283","RBCAA",0.042337782,-0.824555375,0.021737002
"2284","RCAP",0.050781595,0.245903696,0.033734316
"2285","RCII",0.032711809,0.480216486,0.016903761
"2286","RCKY",0.071915565,-2.25529467,0.017200978
"2287","RCMT",0.135835542,-2.382101782,0.021713955
"2288","RCPT",0.014339689,0.628870717,0.033820041
"2289","RDEN",0.059748019,-0.695764732,0.029056417
"2290","RDI",0.113113827,-1.644015487,0.016473147
"2291","RDIB",0.098500818,-4.189857775,0.146158944
"2292","RDN",0.066732432,1.050753679,0.016427343
"2293","RDNT",0.123083509,-1.063679625,0.034789738
"2294","RDUS",0.051127017,-0.543830332,0.057136402
"2295","RECN",0.069888634,-0.608259735,0.026018645
"2296","REED",0.161161032,-2.516517072,0.034934469
"2297","REFR",0.196111869,-2.138799006,0.024774972
"2298","REGI",0.098858825,-0.84910682,0.024701053
"2299","REGN",0.002720092,3.601796298,0.018664711
"2300","REI",0.068208778,-0.97733472,0.027349814
"2301","REIS",0.042978604,-1.350555536,0.021811836
"2302","RELL",0.100502513,-2.137416844,0.009000435
"2303","REMY",0.05259006,-0.498708991,0.024559667
"2304","RENT",0.013935762,-0.124743314,0.030407827
"2305","RES",0.056832221,1.342990358,0.032638738
"2306","RESN",0.160945069,-3.151813162,0.039414645
"2307","REV",0.030772936,0.531077563,0.019323443
"2308","REX",0.014803277,-0.594190457,0.040733105
"2309","REXI",0.105898062,-1.529337145,0.014477251
"2310","REXX",0.105044416,-0.678245876,0.058463533
"2311","RF",0.104417306,2.579825057,0.013066561
"2312","RFMD",0.093713075,1.128570494,0.032858723
"2313","RFP",0.059396224,0.463486746,0.022131756
"2314","RGA",0.012642503,1.690162206,0.01045768
"2315","RGC",0.050213955,0.968880021,0.017143441
"2316","RGCO",0.050246042,-2.365209006,0.008349222
"2317","RGEN",0.04435445,-0.306949139,0.026712354
"2318","RGLD",0.01520993,1.44641982,0.022455106
"2319","RGLS",0.096403722,-0.895039581,0.062254609
"2320","RGR",0.020787954,-0.069625574,0.024744035
"2321","RGS",0.063729565,-0.136056669,0.01453334
"2322","RH",0.012875272,1.120387012,0.02301649
"2323","RHI",0.020245053,1.91115194,0.014386274
"2324","RHT",0.017688226,2.362295986,0.015222242
"2325","RICE",0.040465885,1.212691943,0.038293198
"2326","RICK",0.088580782,-2.175774234,0.017941013
"2327","RIVR",0.047149205,-2.931496447,0.005114141
"2328","RJET",0.088604669,-0.577663415,0.028754447
"2329","RJF",0.019097756,2.00061023,0.012997614
"2330","RKT",0.020872659,1.924645516,0.018635082
"2331","RKUS",0.080690429,0.023409748,0.025412792
"2332","RL",0.006190717,2.288939685,0.01341447
"2333","RLD",0.090643966,-0.5964193,0.020694804
"2334","RLGY",0.026804965,1.694365722,0.018066154
"2335","RLH",0.180345196,-2.208115011,0.013774944
"2336","RLI",0.021810251,0.67867623,0.010742444
"2337","RLOG",0.182539683,-2.316270687,0.027904476
"2338","RLYP",0.051054384,-0.40168319,0.035312696
"2339","RM",0.057755568,-1.516809942,0.023237961
"2340","RMAX",0.032514349,-1.033074839,0.017150624
"2341","RMBS",0.090849841,0.231988877,0.029450829
"2342","RMCF",0.082100077,-2.586596331,0.014678082
"2343","RMD",0.020203795,1.935936078,0.01273723
"2344","RMTI",0.104171385,-0.917757495,0.038974064
"2345","RNET",0.025174305,-0.358416645,0.024577828
"2346","RNG",0.08544151,-0.683446081,0.037720218
"2347","RNST",0.035814946,-0.127785969,0.016272627
"2348","RNWK",0.151705033,-1.438632037,0.023760787
"2349","ROC",0.01340256,1.670306568,0.011372854
"2350","ROCK",0.071130354,-0.835025459,0.023543961
"2351","ROG",0.0177694,0.024285019,0.017543609
"2352","ROIQ",0.102554956,-1.881530234,0.012080689
"2353","ROK",0.009384576,2.686630959,0.015375695
"2354","ROKA",0.104365187,-1.778242449,0.035786308
"2355","ROL",0.034170257,1.449735265,0.010916315
"2356","ROLL",0.017993491,0.273414739,0.017276529
"2357","ROP",0.006804714,2.687304706,0.011731765
"2358","ROSE",0.025795598,0.866552923,0.038265635
"2359","ROST",0.012817726,2.794886974,0.011467581
"2360","ROVI",0.051113383,0.619442939,0.018705705
"2361","RP",0.059845183,0.273362154,0.024692287
"2362","RPM",0.023081709,1.754542018,0.014919221
"2363","RPRX",0.121680245,-1.64799937,0.046673431
"2364","RPTP",0.096395641,-0.422099561,0.038657102
"2365","RPXC",0.069667414,-0.256159894,0.023248265
"2366","RRC",0.015105839,2.412611718,0.023814431
"2367","RRD",0.061377525,1.179531111,0.015069712
"2368","RRGB",0.019476176,-0.326765097,0.020905593
"2369","RRTS",0.045785723,-0.189272785,0.023214443
"2370","RS",0.015504085,1.614838877,0.016680603
"2371","RSG",0.025921334,2.618888206,0.009530969
"2372","RSPP",0.04096171,0.634457198,0.042012066
"2373","RST",0.121256854,-1.739648826,0.027675963
"2374","RSTI",0.046083873,-0.498347864,0.017976854
"2375","RT",0.141294999,-0.831424322,0.022665613
"2376","RTEC",0.113709398,-1.229529473,0.02542448
"2377","RTI",0.043443769,-0.347302875,0.015944628
"2378","RTN",0.010200506,3.415792442,0.013751404
"2379","RTRX",0.102263127,-1.358774619,0.049420384
"2380","RUBI",0.09582934,-0.98531793,0.037221054
"2381","RUSHA",0.02937908,0.014731797,0.021082423
"2382","RUSHB",0.033677005,-1.20754301,0.014488324
"2383","RUTH",0.088437728,-0.936141146,0.017847723
"2384","RVBD",0.054817375,1.039459071,0.017934123
"2385","RVNC",0.057002652,-0.881296944,0.043997591
"2386","RXDX",0.142901522,-1.988180808,0.045964194
"2387","RXN",0.036695491,1.015255082,0.016081
"2388","RYAM",0.033326089,0.244832284,0.027677913
"2389","RYI",0.082799338,-0.951592356,0.033579646
"2390","RYL",0.029292646,0.469441823,0.021949542
"2391","S",0.165182419,3.17310726,0.019700363
"2392","SAAS",0.121654501,-0.691429888,0.031916687
"2393","SABR",0.059734054,1.488070109,0.019909355
"2394","SAEX",0.138487476,-2.233796676,0.02027595
"2395","SAFM",0.011866007,0.663375216,0.019053986
"2396","SAFT",0.017171868,-0.135787399,0.011012964
"2397","SAGE",0.028494617,-0.110852341,0.058443489
"2398","SAH",0.042032164,-0.036981375,0.021308171
"2399","SAIA",0.020457537,0.190384037,0.029743848
"2400","SAIC",0.021638709,0.77582455,0.013417573
"2401","SAJA",0.184673393,-3.658841686,0.033752776
"2402","SAL",0.036250186,-3.052343802,0.014130734
"2403","SALE",0.057190457,-0.062738512,0.03111922
"2404","SALM",0.1368396,-1.938133105,0.025066074
"2405","SAM",0.004504249,0.726199333,0.015773049
"2406","SAMG",0.071128154,-2.228932175,0.031072385
"2407","SANM",0.04992457,0.491062948,0.024812964
"2408","SAPE",0.068388267,0.723352746,0.021362584
"2409","SASR",0.042494226,-0.528037084,0.018668975
"2410","SATS",0.021878091,0.692874478,0.013252221
"2411","SAVE",0.015874769,1.518437863,0.026788602
"2412","SBAC",0.009081505,2.65411156,0.011298609
"2413","SBBX",0.100561835,-3.070699688,0.007114908
"2414","SBCF",0.085071756,-0.946102493,0.015989138
"2415","SBCP",0.083845092,-2.986330714,0.00779193
"2416","SBFG",0.111699232,-3.131815177,0.013049454
"2417","SBGI",0.03744922,0.629896373,0.022599907
"2418","SBH",0.035156369,1.484313198,0.011618372
"2419","SBNY",0.008870993,1.734474698,0.014023995
"2420","SBSI",0.030430123,-0.475644348,0.016410464
"2421","SBUX",0.013383103,4.025245159,0.011075393
"2422","SC",0.055872707,1.831542725,0.015295927
"2423","SCAI",0.034562039,0.107410252,0.020682223
"2424","SCCO",0.034580226,3.180019186,0.017070954
"2425","SCG",0.019512361,1.984329583,0.012091621
"2426","SCHL",0.030984777,0.002341664,0.013909827
"2427","SCHN",0.044038946,-0.512529676,0.022634056
"2428","SCHW",0.036871974,3.563875797,0.018128586
"2429","SCI",0.047064601,1.500672537,0.011449566
"2430","SCL",0.022672161,-0.016997842,0.016610783
"2431","SCLN",0.134177289,-0.97070857,0.026193851
"2432","SCMP",0.131098951,-1.088801161,0.037184736
"2433","SCOR",0.026565947,0.250569691,0.02178135
"2434","SCS",0.061743309,0.362011528,0.014661256
"2435","SCSC",0.029271769,-0.025875774,0.015532147
"2436","SCSS",0.045033579,0.163502474,0.019753041
"2437","SCTY",0.018417091,1.64964546,0.036973818
"2438","SCVL",0.056075678,-1.005853082,0.018113243
"2439","SCX",0.071178783,-2.445246376,0.02337604
"2440","SCYX",0.141074003,-2.813309348,0.062208499
"2441","SDPI",0.188834154,-2.394314728,0.047491651
"2442","SE",0.026198585,3.242481833,0.015428802
"2443","SEAC",0.144836272,-1.492293653,0.023511284
"2444","SEAS",0.054092192,0.508942689,0.017018391
"2445","SEE",0.030151281,1.94975973,0.020260667
"2446","SEIC",0.027869329,1.790635615,0.012406451
"2447","SEM",0.080602769,0.477338683,0.018869865
"2448","SEMG",0.01308357,1.179778795,0.026929737
"2449","SENEA",0.03560592,-1.407695995,0.01737128
"2450","SENEB",0.032289992,-2.773756196,0.021435687
"2451","SERV",0.044360438,0.743871122,0.020584376
"2452","SEV",0.136848882,-3.64181083,0.027903341
"2453","SF",0.022259213,1.081958715,0.015183836
"2454","SFBC",0.056343549,-3.108851358,0.008398709
"2455","SFBS",0.034476039,-0.329869589,0.009968511
"2456","SFE",0.053190259,-0.955769419,0.013600355
"2457","SFG",0.015532145,1.014299878,0.011002774
"2458","SFLY",0.022674619,0.528146741,0.020414247
"2459","SFM",0.034524685,1.473046758,0.018426535
"2460","SFNC",0.025356647,-0.3430566,0.014755183
"2461","SFS",0.074889294,-0.053264277,0.028332825
"2462","SFST",0.070140791,-2.67576264,0.003982366
"2463","SFY",0.131436082,-1.103515223,0.054657595
"2464","SGA",0.026802466,-1.693785357,0.017820474
"2465","SGB",0.074718628,-3.378501235,0.017818137
"2466","SGBK",0.037785444,-1.310844689,0.016991797
"2467","SGC",0.044820329,-1.898535851,0.027840918
"2468","SGEN",0.028803286,1.457934764,0.027645294
"2469","SGI",0.112897288,-1.16575465,0.032289877
"2470","SGM",0.074663204,-1.064831866,0.019355193
"2471","SGMA",0.142436733,-3.562123016,0.027091746
"2472","SGMO",0.091713853,-0.295978885,0.03462155
"2473","SGMS",0.102472711,-0.192198187,0.042082381
"2474","SGNT",0.031248302,0.020517702,0.019227986
"2475","SGY",0.039113651,0.359004494,0.041295052
"2476","SHBI",0.110340275,-2.168706892,0.009333357
"2477","SHEN",0.039261207,-0.488373918,0.02510883
"2478","SHLD",0.03167128,1.201981535,0.052096219
"2479","SHLM",0.030731407,-0.054243914,0.026537772
"2480","SHLO",0.060903759,-1.265188513,0.025963915
"2481","SHOO",0.032036103,0.702280032,0.017081681
"2482","SHOR",0.143097119,-0.823608402,0.029572017
"2483","SHOS",0.066848805,-1.079114491,0.025480853
"2484","SHW",0.004584541,3.058762549,0.013280785
"2485","SIAL",0.007386212,2.780227981,0.004737898
"2486","SIBC",0.061741569,-3.286696837,0.022245575
"2487","SIEN",0.057427259,-1.401033914,0.069344808
"2488","SIF",0.032939963,-1.807211659,0.03864763
"2489","SIFI",0.0902864,-1.95490278,0.00610172
"2490","SIGI",0.042840911,0.274603234,0.014541635
"2491","SIRO",0.012867853,1.459136819,0.01117055
"2492","SIVB",0.009494873,1.676666678,0.018957666
"2493","SIX",0.027571326,1.236636221,0.015944008
"2494","SJI",0.017935961,0.613359394,0.010817745
"2495","SJM",0.010002218,2.320085751,0.009384948
"2496","SJW",0.035022003,-0.5502537,0.017532708
"2497","SKH",0.155237581,-1.842138633,0.028606479
"2498","SKUL",0.12546367,-1.495603084,0.023081148
"2499","SKX",0.018960472,0.762083613,0.026595665
"2500","SKYW",0.118820065,-0.846636969,0.038320532
"2501","SLAB",0.024591698,0.542798384,0.020276371
"2502","SLCA",0.020460449,0.9626431,0.050564835
"2503","SLCT",0.141095985,-2.521497914,0.031621402
"2504","SLGN",0.020769839,1.112567172,0.011786368
"2505","SLH",0.018631327,1.302612715,0.010483049
"2506","SLI",0.023393597,-1.73740913,0.045611667
"2507","SLM",0.111957553,1.329196516,0.01237963
"2508","SLP",0.15982511,-2.281234668,0.02375057
"2509","SLTC",0.170755899,-3.091818961,0.022909838
"2510","SLXP",0.007062884,2.198846561,0.026784321
"2511","SM",0.016019167,1.430384071,0.032682409
"2512","SMA",0.101268052,-0.992188579,0.014813869
"2513","SMAC",0.103716508,-2.972072444,0.075892829
"2514","SMBC",0.027965267,-2.025154397,0.008332322
"2515","SMCI",0.036968577,0.205323,0.029734249
"2516","SMG",0.017702929,1.240339205,0.011652888
"2517","SMMF",0.097748844,-2.574258624,0.013162491
"2518","SMP",0.027504724,-0.18562121,0.017329193
"2519","SMPL",0.060443603,-2.101298624,0.012783145
"2520","SMRT",0.080249821,-0.580722028,0.020392238
"2521","SMTC",0.040923811,0.493690899,0.01983486
"2522","SMTP",0.159622569,-3.459560641,0.032942191
"2523","SN",0.050487312,0.133835804,0.050590628
"2524","SNA",0.008152415,1.963045992,0.014759824
"2525","SNAK",0.076707577,-1.349377931,0.019485332
"2526","SNBC",0.054960154,-1.08499665,0.018058815
"2527","SNCR",0.021782572,0.663495902,0.028829582
"2528","SNDK",0.011217597,2.978089467,0.020333843
"2529","SNHY",0.027212172,-0.027593619,0.022302029
"2530","SNI",0.013230176,2.07875979,0.011648387
"2531","SNMX",0.131937473,-1.115055978,0.03928142
"2532","SNOW",0.102986612,-0.82835897,0.021946383
"2533","SNPS",0.025575448,1.806692349,0.011068476
"2534","SNV",0.042072914,1.194652227,0.013277199
"2535","SNX",0.015685419,0.915182091,0.017927067
"2536","SO",0.021754758,3.717424889,0.010172323
"2537","SOCB",0.142102148,-2.997430995,0.006031794
"2538","SOFO",0.107246056,-3.225269135,0.022802098
"2539","SOHU",0.022033606,0.556717515,0.022651441
"2540","SON",0.025380151,1.387866216,0.013550842
"2541","SONA",0.087214604,-1.967479064,0.011961616
"2542","SONC",0.04230274,0.2313606,0.016944281
"2543","SP",0.048692707,-0.794954375,0.019777286
"2544","SPA",0.040481554,-1.386638745,0.02572918
"2545","SPAN",0.054239897,-2.907913016,0.022102102
"2546","SPB",0.011390311,1.532172923,0.012480791
"2548","SPF",0.131031732,0.756546316,0.021130658
"2549","SPKE",0.059715443,-2.991297597,0.023864511
"2550","SPLK",0.017162642,1.941462597,0.038011082
"2551","SPLS",0.082283915,2.057221051,0.015075924
"2552","SPN",0.03759337,1.409804623,0.03069473
"2553","SPNC",0.035979101,0.149699458,0.02391214
"2554","SPOK",0.071924448,-1.200434126,0.030166584
"2555","SPPI",0.131511236,-0.693985089,0.024946824
"2556","SPR",0.026796533,1.658482773,0.016422914
"2557","SPSC",0.018356092,-0.121112692,0.025783907
"2558","SPTN",0.048623737,-0.256781508,0.018729018
"2559","SPW",0.011143519,1.337665566,0.020718816
"2560","SPWH",0.139571576,-1.205756575,0.028331131
"2561","SPWR",0.032767734,1.386544216,0.03330252
"2562","SQBG",0.082440231,-0.770504959,0.031427987
"2563","SQBK",0.053008827,-0.614057293,0.021051072
"2564","SQI",0.065097717,-0.861809065,0.032024024
"2565","SR",0.189554086,-3.134755785,0.037636008
"2566","SRCE",0.034127667,-0.358320925,0.017638457
"2567","SRCL",0.008347594,2.317681299,0.008907944
"2568","SRDX",0.048723652,-1.276161888,0.020929881
"2569","SRE",0.009441863,3.259444705,0.011505722
"2570","SRI",0.086404448,-1.120529476,0.026314051
"2571","SRPT",0.04952947,-0.191706336,0.046989772
"2572","SRT",0.131903348,-2.147736149,0.006359344
"2573","SSB",0.017360849,0.329157945,0.017392078
"2574","SSBI",0.077769779,-2.789812155,0.010350244
"2575","SSD",0.03258298,0.406652441,0.015863788
"2576","SSE",0.057918461,-0.200283074,0.046065362
"2577","SSH",0.186794445,-2.402390208,0.037833213
"2578","SSI",0.060031843,-0.635766863,0.022730123
"2579","SSNC",0.022601091,1.275135369,0.020768958
"2580","SSNI",0.110928909,-0.830676821,0.030751906
"2581","SSP",0.058257345,-0.272507095,0.022241079
"2582","SSTK",0.014047603,0.921468935,0.027795711
"2583","STAA",0.092510659,-0.878246087,0.033141319
"2584","STBA",0.040176076,-0.299896774,0.022305237
"2585","STBZ",0.059263077,-0.608311325,0.01422611
"2586","STC",0.032912624,-0.431892727,0.01721834
"2587","STCK",0.067814601,-0.952301992,0.029855644
"2588","STE",0.017471229,1.221847938,0.014810542
"2589","STFC",0.046505985,-0.128796354,0.027334876
"2590","STI",0.026988336,2.978450097,0.01100464
"2591","STJ",0.016472931,2.849245956,0.01404069
"2592","STL",0.07617912,0.092610837,0.013796438
"2593","STLD",0.046453854,1.642772493,0.023318403
"2594","STML",0.076151376,-1.752229681,0.043811887
"2595","STMP",0.029627721,-0.622833306,0.01919476
"2596","STR",0.043884755,1.384438061,0.010561014
"2597","STRA",0.015776116,-0.371444906,0.01954009
"2598","STRL",0.126617121,-1.908588385,0.022656937
"2599","STRN",0.196394035,-3.657643312,0.007643563
"2600","STRP",0.054446891,-1.607512171,0.06006192
"2601","STRS",0.072788956,-2.203491355,0.011887694
"2602","STRT",0.011635966,-1.183429127,0.030086718
"2603","STRZA",0.032004007,1.082363658,0.018062328
"2604","STRZB",0.031954213,-1.17494634,0.010277443
"2605","STS",0.141117281,-2.259870807,0.0340359
"2606","STT",0.014203054,3.394310492,0.012833798
"2607","STZ",0.011567217,1.693497787,0.008945255
"2608","SUBK",0.048379294,-1.423654636,0.024305463
"2609","SUNE",0.056579174,1.554838698,0.042381043
"2610","SUP",0.055076628,-0.723930336,0.016411031
"2611","SUPN",0.1241063,-1.06252418,0.031824706
"2612","SUSQ",0.101484766,0.579828978,0.015865706
"2613","SVT",0.142020194,-4.060841349,0.02340322
"2614","SVU",0.117755478,0.794500764,0.019439042
"2615","SWC",0.072001002,0.510582821,0.02196743
"2616","SWFT",0.045418641,0.686754021,0.021253071
"2617","SWHC",0.102229037,-0.649391758,0.021968462
"2618","SWI",0.023597246,1.160525846,0.016507697
"2619","SWK",0.011512779,2.607485519,0.012672066
"2620","SWKS",0.018829231,2.305793359,0.027454259
"2621","SWM",0.024813628,0.204319285,0.017988052
"2622","SWN",0.030106682,2.46137473,0.023421378
"2623","SWS",0.142511928,-1.439594696,0.015931632
"2624","SWX",0.018792078,0.904467226,0.011853747
"2625","SWY",0.029327009,2.061267241,0.004993001
"2626","SXC",0.04613749,0.403939297,0.021150587
"2627","SXI",0.013255109,-0.038220108,0.014904439
"2628","SXT",0.018914474,0.934692167,0.013321141
"2629","SYA",0.04408833,0.966124833,0.013936601
"2630","SYBT",0.032106762,-0.781315678,0.019068365
"2631","SYF",0.039530447,3.048226521,0.013044289
"2632","SYK",0.012060955,3.446053925,0.009110699
"2633","SYKE",0.049122732,-0.122149752,0.015376608
"2634","SYMC",0.042773588,2.780283283,0.014594342
"2635","SYNA",0.014220486,0.950273102,0.028706858
"2636","SYNL",0.062111231,-1.965015949,0.024005931
"2637","SYNT",0.011802074,1.263919836,0.015618972
"2638","SYRG",0.092033132,-0.173126051,0.058883807
"2639","SYUT",0.191491133,-1.213568757,0.036943538
"2640","SYX",0.072220303,-0.676288203,0.028440095
"2641","SYY",0.026719331,3.089109675,0.009003168
"2642","SZMK",0.167748523,-1.719513372,0.033457384
"2643","SZYM",0.149895725,-0.639905099,0.051787825
"2644","T",0.029020617,5.185575355,0.008766138
"2645","TA",0.110248298,-1.074432156,0.022809148
"2646","TACT",0.169210962,-3.027135725,0.029771131
"2647","TAL",0.024702496,0.318282748,0.016847955
"2648","TAM",0.038688624,0.542177478,0.005337177
"2649","TAP",0.013723494,0.824144101,0.010379369
"2650","TASR",0.065601825,-0.225068144,0.030420874
"2651","TAST",0.137247882,-1.372182125,0.015857899
"2652","TAX",0.028841572,-0.893995114,0.018460731
"2653","TAXI",0.087207098,-1.243083428,0.013636715
"2654","TAYD",0.101306145,-3.411741372,0.018912393
"2655","TBBK",0.115164109,-1.117211085,0.030440366
"2656","TBI",0.040032722,0.036867319,0.020506536
"2657","TBNK",0.047486322,-1.561069137,0.011592311
"2658","TCB",0.066614534,0.917933388,0.013371439
"2659","TCBI",0.017587325,0.897571696,0.01671489
"2660","TCBK",0.04287725,-0.665805813,0.018119398
"2661","TCFC",0.048383996,-2.334301099,0.009147201
"2662","TCI",0.097356434,-2.41475488,0.019068248
"2663","TCPC",0.062476232,-0.387668484,0.0125808
"2664","TCS",0.055810342,-0.15727296,0.033950493
"2665","TCX",0.067171916,-1.782529145,0.019285656
"2666","TDC",0.02429338,1.853059022,0.01589978
"2667","TDG",0.005556951,2.245547709,0.010979542
"2668","TDS",0.041883673,0.879631289,0.017155535
"2669","TDW",0.027096121,0.606384836,0.030864399
"2670","TDY",0.010483375,1.273563886,0.013872736
"2671","TE",0.053873,1.465673836,0.011450805
"2672","TECD",0.017755065,0.767061898,0.015574565
"2673","TECH",0.010916098,1.221265772,0.014994365
"2674","TEG",0.01461236,1.699145075,0.010057127
"2675","TEN",0.019340896,1.149002356,0.019416654
"2676","TER",0.056594488,1.284547311,0.020257079
"2677","TERP",0.037689163,-0.208040239,0.037481406
"2678","TESS",0.032114831,-1.357034427,0.028112348
"2679","TEX",0.03434271,1.163703479,0.024214853
"2680","TFM",0.028830726,0.517810885,0.020766483
"2681","TFSC",0.104332048,-2.864703929,0.013320813
"2682","TFSL",0.069724437,1.464504268,0.011398741
"2683","TFX",0.00922132,1.501351429,0.01121803
"2684","TG",0.056933512,-0.564615243,0.018421416
"2685","TGEN",0.176134266,-2.414081054,0.029400583
"2686","TGI",0.015920701,1.171862892,0.014601002
"2687","TGT",0.016303847,3.660065156,0.011536662
"2688","TGTX",0.097333898,-0.855320877,0.030303993
"2689","THC",0.017620335,1.714741972,0.020583682
"2690","THFF",0.03123345,-0.879841399,0.012827345
"2691","THG",0.015957373,1.018026955,0.009975795
"2692","THO",0.019455747,1.008202926,0.012640018
"2693","THOR",0.03795129,0.372686155,0.015342192
"2694","THR",0.043353691,-0.304230348,0.016513048
"2696","THRM",0.024587886,0.369765274,0.035517951
"2697","THRX",0.059587036,0.658591904,0.037977146
"2698","THS",0.012187174,1.238633122,0.013487213
"2699","TIBX",0.042864864,1.340253707,0.006456328
"2700","TIF",0.010751834,2.486677796,0.013259375
"2701","TIK",0.189604715,-4.066049836,0.017030832
"2702","TILE",0.065116147,0.015889635,0.023576277
"2703","TIME",0.046969449,0.839698258,0.018395195
"2704","TIPT",0.132123162,-1.795399308,0.022862713
"2705","TIS",0.039472781,-1.507434447,0.019960788
"2706","TISI",0.025581706,-0.222698935,0.018662284
"2707","TITN",0.072530037,-1.220387398,0.026230915
"2708","TIVO",0.078988942,0.376191185,0.018510242
"2709","TJX",0.016322128,3.748232208,0.010763012
"2710","TKAI",0.071267003,-1.186826095,0.058308467
"2711","TKR",0.024662499,1.302593826,0.01463293
"2712","TLF",0.105286143,-2.329961881,0.010968746
"2713","TLMR",0.072374839,-0.026249495,0.011864776
"2714","TLYS",0.139006406,-2.492821388,0.017101383
"2715","TMH",0.017077517,1.419171364,0.013338029
"2716","TMHC",0.059097099,-0.587076117,0.026481868
"2717","TMK",0.019325133,1.910554546,0.009398691
"2718","TMO",0.008583851,3.839648436,0.013823197
"2719","TMP",0.021530944,-0.372198395,0.016422303
"2720","TMST",0.024872394,0.599287381,0.029815105
"2721","TMUS",0.035899917,3.11199396,0.017257131
"2722","TNAV",0.161465829,-1.398924717,0.026448439
"2723","TNC",0.01482876,0.214243972,0.017859243
"2724","TNDM",0.070184004,-1.097921889,0.031025021
"2725","TNET",0.037040019,0.622525583,0.020497621
"2726","TNGO",0.071617624,-0.612842372,0.026042781
"2727","TNXP",0.15415033,-2.669166131,0.042037786
"2728","TOL",0.031883777,1.718842917,0.016570298
"2729","TORM",0.127086638,-3.742185942,0.018924442
"2730","TOWN",0.070106989,-0.679772315,0.015748068
"2731","TOWR",0.043311238,-0.738640625,0.026805282
"2732","TPC",0.039243789,0.212220446,0.021631156
"2733","TPH",0.074236654,0.775829246,0.023733651
"2734","TPLM",0.11723927,-0.312066083,0.054357375
"2735","TPUB",0.052780136,-0.731086632,0.01917121
"2736","TPX",0.018411931,1.195206767,0.01882816
"2737","TQNT",0.056561086,1.13891775,0.033421239
"2738","TR",0.035063114,0.074477275,0.010884216
"2739","TRAK",0.023487603,0.831701311,0.022807149
"2740","TRC",0.034255246,-0.509305791,0.01531702
"2741","TRCB",0.123944051,-2.749061038,0.010842891
"2742","TREC",0.084175084,-1.249090632,0.026204034
"2743","TREE",0.027930247,-0.903025178,0.015247803
"2744","TREX",0.0281019,0.126198763,0.025886461
"2745","TRGP",0.007882138,1.674894089,0.026894834
"2746","TRIP",0.011680908,2.40957472,0.019633358
"2747","TRIV",0.071824498,-1.280955945,0.050045526
"2748","TRK",0.05656665,-0.313713894,0.01653439
"2749","TRLA",0.022067854,0.524543337,0.0296283
"2750","TRMB",0.034403841,2.021628396,0.018491076
"2751","TRMK",0.042807422,0.454294751,0.015047807
"2752","TRN",0.027441389,1.73463368,0.038554128
"2753","TRNS",0.105500909,-2.740685026,0.034867005
"2754","TROW",0.01294065,3.000582976,0.01194788
"2755","TRR",0.146486552,-1.583643728,0.01411511
"2756","TRS",0.037590298,0.182538288,0.023606728
"2757","TRST",0.147833912,-0.444894122,0.015170814
"2758","TRTL",0.098228611,-1.531687308,0.089727171
"2759","TRUE",0.05209513,0.386477364,0.051319993
"2760","TRUP",0.138712985,-1.609372567,0.026069072
"2761","TRV",0.01049294,3.474042982,0.008480563
"2762","TRVN",0.184768638,-1.949346857,0.050311958
"2763","TRW",0.009883036,2.414989509,0.004511695
"2764","TSBK",0.094634589,-2.597439399,0.009924323
"2765","TSC",0.105941962,-1.305834728,0.017030185
"2766","TSCO",0.015776982,2.152915274,0.015619559
"2767","TSLA",0.004177428,3.4003231,0.021817593
"2768","TSN",0.02526251,2.492298023,0.013799701
"2769","TSO",0.015736826,2.095885168,0.025451819
"2770","TSQ",0.080803822,-2.221112886,0.013729113
"2771","TSRA",0.037779858,0.332394273,0.020493805
"2772","TSRO",0.03739351,-0.037547816,0.032620118
"2773","TSS",0.032829941,1.731930439,0.011102937
"2774","TTC",0.016998633,1.185979847,0.010647192
"2775","TTEC",0.041246727,0.167889577,0.016360856
"2776","TTEK",0.03969521,0.455128574,0.01393418
"2777","TTGT",0.106778087,-1.175009333,0.021766543
"2778","TTI",0.1044505,-0.273414682,0.027639486
"2779","TTMI",0.161937619,-0.665634151,0.027170716
"2780","TTOO",0.064796033,-1.177290216,0.032782041
"2781","TTPH",0.042648668,-0.439636269,0.038264182
"2782","TTS",0.114781914,-0.80637672,0.040991616
"2783","TTWO",0.044633328,0.665002029,0.02230532
"2784","TUBE",0.077511542,-0.966935713,0.046183364
"2785","TUES",0.052925881,-0.191323353,0.026424361
"2786","TUMI",0.050427538,0.296779456,0.01723537
"2787","TUP",0.014873254,1.2194285,0.013054566
"2788","TW",0.009618923,1.987442256,0.0113041
"2789","TWC",0.007104115,3.674596167,0.014920822
"2790","TWI",0.098928986,-0.614925121,0.031413504
"2791","TWIN",0.039288033,-1.249508928,0.019099641
"2792","TWOU",0.059183778,-0.385237027,0.024371441
"2794","TWTR",0.020250757,3.410590295,0.029337088
"2795","TWX",0.013245109,4.166505895,0.017270188
"2796","TXN",0.021749923,3.881826832,0.01554048
"2797","TXRH",0.035859058,0.661030212,0.014695634
"2798","TXT",0.027443681,2.316614875,0.016867245
"2799","TXTR",0.040874356,-0.477296598,0.038167195
"2800","TYL",0.010284294,1.158783957,0.020730813
"2801","TYPE",0.035740925,0.081829141,0.017501788
"2802","TZOO",0.072089014,-1.592683475,0.024132609
"2803","UA",0.015365909,2.429615187,0.01991562
"2804","UACL",0.039569212,-0.278973052,0.016119625
"2805","UAL",0.021189564,2.856793467,0.030194035
"2806","UAM",0.121212121,-0.410952408,0.017254095
"2807","UBCP",0.124196771,-3.140352037,0.006957399
"2808","UBFO",0.178564219,-2.461170097,0.01089947
"2809","UBNK",0.075195344,-0.358438309,0.012074199
"2810","UBNT",0.028928998,1.115618382,0.028291017
"2811","UBOH",0.06755572,-2.998666424,0.006551911
"2812","UBSH",0.044308309,0.026448248,0.018091323
"2813","UBSI",0.031187709,0.796318656,0.015086718
"2814","UCBA",0.085217442,-2.898170503,0.012154783
"2815","UCBI",0.060815188,-0.009796706,0.018517665
"2816","UCP",0.079739287,-2.310568026,0.016878577
"2817","UCTT",0.122705933,-1.425910225,0.031373597
"2818","UEIC",0.019394634,-0.206569235,0.01469915
"2819","UEPS",0.085489147,-0.610873646,0.023201629
"2820","UFCS",0.033489131,-0.291268977,0.018530861
"2821","UFI",0.036638206,-0.694914297,0.029847716
"2822","UFPI",0.021944471,-0.096590596,0.018283214
"2823","UFPT",0.046465585,-1.88486793,0.018624345
"2824","UFS",0.027375412,0.862078745,0.02064245
"2825","UG",0.046355099,-2.31156706,0.017748614
"2826","UGI",0.028335243,1.804858199,0.011156424
"2827","UHAL",0.003873684,1.62109855,0.015581312
"2828","UHS",0.009521917,2.26658015,0.018264392
"2829","UIHC",0.06080313,-1.071345964,0.028495552
"2830","UIL",0.025894777,0.779973769,0.012161069
"2831","UIS",0.046144895,0.086486098,0.022638906
"2832","ULTA",0.008583018,2.014669749,0.014780853
"2833","ULTI",0.007289877,1.356491693,0.022187891
"2834","UMBF",0.018116941,0.920065017,0.017219792
"2835","UMPQ",0.061173467,1.267021493,0.016612171
"2836","UNAM",0.083576492,-2.750697398,0.016913097
"2837","UNB",0.041940626,-2.241643914,0.013208621
"2838","UNF",0.009937309,0.422213926,0.013586291
"2839","UNFI",0.015788191,1.148630176,0.015537518
"2840","UNH",0.011370884,4.446999056,0.011777016
"2841","UNM",0.029887208,2.142289365,0.010746027
"2842","UNP",0.009250991,4.57316066,0.015731015
"2843","UNT",0.020020543,0.904916344,0.025096624
"2844","UNTD",0.091904419,-1.865095314,0.024247434
"2845","UNTY",0.10960732,-2.572357439,0.013222199
"2846","UNXL",0.192339856,-2.749646216,0.048276335
"2847","UPS",0.010118652,4.245339312,0.010458919
"2848","URBN",0.030291855,1.486173734,0.013988846
"2849","URI",0.009703004,2.291075511,0.02650261
"2851","USAK",0.061302274,-1.762931571,0.036213267
"2852","USAP",0.039317584,-1.716069801,0.034243795
"2853","USB",0.024585257,4.294006504,0.009745757
"2854","USBI",0.114968441,-2.947547474,0.008984713
"2855","USCR",0.041389239,-1.087101908,0.024107497
"2856","USG",0.037740803,1.342797256,0.021206201
"2857","USLM",0.015851137,-1.045706957,0.024932233
"2858","USM",0.029065726,0.565490562,0.017731924
"2859","USMD",0.124847062,-2.507484705,0.030185502
"2860","USNA",0.011840656,0.084821301,0.025466114
"2861","USPH",0.026337486,-0.768865779,0.016853436
"2862","USTR",0.025696171,0.413479094,0.017063272
"2863","UTEK",0.048746887,-0.548385078,0.02616089
"2864","UTHR",0.007793004,1.806466555,0.022774233
"2865","UTI",0.093743632,-1.341236385,0.023571897
"2866","UTL",0.029994001,-0.769734425,0.011386473
"2867","UTMD",0.019594479,-1.65665456,0.028292067
"2868","UTX",0.009744524,4.541593018,0.010353633
"2869","UUU",0.182440499,-4.372356259,0.01969357
"2870","UVE",0.071664486,-0.72668178,0.02419197
"2871","UVSP",0.051235214,-1.15060433,0.016278295
"2872","UVV",0.02300046,0.007229811,0.015962439
"2873","V",0.004717407,4.651937601,0.011590345
"2874","VAC",0.015600518,0.759390511,0.016926868
"2875","VAL",0.012856488,1.862882372,0.012448457
"2876","VALU",0.063732285,-1.870934364,0.013649303
"2877","VAR",0.012383168,2.120140522,0.010475968
"2878","VASC",0.03738257,-0.778810456,0.018588597
"2879","VBFC",0.051853188,-5.050398331,0.197408232
"2880","VBTX",0.072024773,-2.052926123,0.017494273
"2881","VC",0.010824192,1.401167421,0.016450842
"2882","VCRA",0.114724661,-1.508834362,0.028064212
"2883","VCYT",0.119925959,-1.67694792,0.031267082
"2884","VDSI",0.050692057,-0.251700559,0.039363527
"2885","VEC",0.047234715,-1.508844585,0.041993371
"2886","VECO",0.030033167,0.2910701,0.027932997
"2887","VEEV",0.036523009,0.351883698,0.026705003
"2888","VFC",0.015204098,3.344539767,0.010883197
"2889","VGR",0.046762224,0.814361691,0.015173911
"2890","VHC",0.195262756,-1.33811598,0.053100678
"2891","VHI",0.178626903,0.638774811,0.030808876
"2892","VIA",0.013893839,1.297906651,0.012479988
"2893","VIAB",0.013932132,3.260528849,0.013868119
"2894","VIAS",0.065350192,-1.139067395,0.01082491
"2895","VICR",0.09504525,-1.273433063,0.032944201
"2896","VISI",0.122856685,-1.773550111,0.021608087
"2897","VIVO",0.056072944,-0.298223304,0.015444467
"2898","VLGEA",0.040709406,-1.436617277,0.027655915
"2899","VLO",0.021485889,3.200836618,0.022328231
"2900","VLY",0.104716809,0.649710676,0.012676608
"2901","VMC",0.017038804,2.03858125,0.016998027
"2902","VMI",0.007437324,1.256209988,0.014669237
"2903","VMW",0.011305878,2.44237941,0.014427837
"2904","VNCE",0.03068344,0.179196629,0.023569676
"2905","VNDA",0.097058699,-1.038313078,0.047646536
"2906","VNTV",0.032005344,1.517474563,0.014486024
"2907","VOLC",0.092492058,-0.584729177,0.024781971
"2908","VOXX",0.122483758,-1.71326847,0.037733108
"2909","VOYA",0.026588981,2.228030911,0.012602306
"2910","VPFG",0.03995067,-0.031292377,0.016411891
"2911","VPG",0.062483021,-1.594473894,0.017700109
"2912","VRA",0.046933507,-0.143805747,0.02474773
"2913","VRNS",0.050157013,-0.716105342,0.040071796
"2914","VRNT",0.01838059,1.168067707,0.015826411
"2915","VRSK",0.016513617,2.303970787,0.009755194
"2916","VRSN",0.017868311,1.916901156,0.015034573
"2917","VRTS",0.005880488,0.431776617,0.025863416
"2918","VRTU",0.027718691,0.0429715,0.019516067
"2919","VRTV",0.021730299,-0.306925257,0.024042027
"2920","VRTX",0.009359905,3.244725296,0.026878266
"2921","VSAR",0.050374524,-0.733708919,0.028852351
"2922","VSAT",0.017878241,0.963773227,0.015282404
"2923","VSEC",0.019077321,-1.271995632,0.024577959
"2924","VSH",0.074224675,0.599979964,0.017988707
"2925","VSI",0.022683341,0.308177648,0.019175378
"2926","VSLR",0.07625489,0.317964826,0.057260439
"2927","VSTM",0.10956033,-1.444103038,0.042744639
"2928","VTAE",0.120753925,-1.994706929,0.08308494
"2929","VTL",0.060179492,-0.950247299,0.056137666
"2930","VTNR",0.161414836,-1.851030547,0.03924383
"2931","VVC",0.023724792,1.245517511,0.012053832
"2932","VVI",0.046279528,-0.838450326,0.016601956
"2934","VWR",0.046652176,1.005451423,0.016948627
"2935","VYFC",0.080288284,-2.81224113,0.007140356
"2936","VZ",0.02038989,5.314598938,0.008665196
"2937","W",0.035862743,-1.189177148,0.054816562
"2938","WAB",0.012869365,2.01163039,0.01789748
"2939","WABC",0.021510606,0.185393864,0.015012251
"2940","WAC",0.046447756,-0.208940655,0.023652769
"2941","WAFD",0.048947626,0.697923362,0.014016289
"2942","WAG",0.016267753,4.073639081,0.012686943
"2943","WAGE",0.020379411,0.543724778,0.018505359
"2944","WAIR",0.0582249,0.50947215,0.015712049
"2945","WAL",0.041715789,0.742646266,0.016035305
"2946","WASH",0.028572848,-0.537222234,0.016352724
"2947","WAT",0.009848336,2.141130145,0.011066131
"2948","WATT",0.097988091,-2.336203547,0.036837061
"2949","WAYN",0.078764669,-3.329134534,0.017276869
"2950","WBB",0.06660892,-2.574536198,0.004432108
"2951","WBC",0.010920866,1.698757922,0.015308925
"2952","WBKC",0.04386026,-2.960537922,0.012404851
"2953","WBMD",0.02614706,0.338201669,0.024354762
"2954","WBS",0.034381727,0.964751633,0.013418746
"2955","WCC",0.013104442,1.22113018,0.015452225
"2956","WCG",0.016398702,0.983277854,0.019580236
"2957","WCIC",0.054503661,-0.741531686,0.016043102
"2958","WCN",0.020831069,1.784446364,0.010019749
"2959","WD",0.067655018,-0.731896693,0.015828757
"2960","WDAY",0.011871948,2.118163155,0.022493764
"2961","WDC",0.010911334,3.063842302,0.015813628
"2962","WDFC",0.014057004,0.042408099,0.013520707
"2963","WDR",0.021123009,1.384752264,0.01842037
"2964","WEBK",0.053299333,-3.080643166,0.014844298
"2965","WEC",0.021380035,2.355014615,0.011212257
"2966","WEN",0.123466731,1.086067654,0.014150331
"2967","WERN",0.039778623,0.588988772,0.013291106
"2968","WETF",0.089787633,0.382461658,0.033940569
"2969","WEX",0.009512387,1.403960809,0.015608596
"2970","WEYS",0.036711305,-1.226736358,0.023417483
"2971","WFBI",0.066206674,-2.251048658,0.005512529
"2972","WFC",0.019693636,5.579608332,0.010064288
"2973","WFD",0.141590741,-2.017940881,0.008770293
"2974","WFM",0.026489914,2.60845096,0.012920679
"2975","WG",0.14759674,-1.084275098,0.042501663
"2976","WGL",0.02238421,0.841177594,0.011545872
"2977","WGO",0.046189376,-0.535688987,0.025083704
"2978","WHG",0.01688123,-0.712884637,0.0170394
"2979","WHLM",0.166739041,-3.347253229,0.029642199
"2980","WHR",0.006608759,2.465919125,0.016233583
"2981","WIBC",0.106728538,-0.31002124,0.013686067
"2982","WIFI",0.143052618,-1.378327404,0.019940359
"2983","WIN",0.096744343,1.82883874,0.016025561
"2984","WINA",0.012888837,-0.947777234,0.016438723
"2985","WIRE",0.027041485,-0.26669069,0.022796472
"2986","WLB",0.028821333,-0.527172117,0.040724408
"2987","WLDN",0.073576456,-2.280532931,0.04318359
"2988","WLFC",0.047895712,-1.761055513,0.012947468
"2989","WLH",0.044183187,-0.478251016,0.02071379
"2990","WLK",0.013317969,2.302802146,0.024005576
"2991","WLL",0.0157941,2.015397665,0.033942579
"2992","WLP",0.008441606,3.473280907,0.013847535
"2993","WLRH",0.10096248,-0.479152902,0.007752022
"2994","WM",0.021129801,3.093450988,0.008306669
"2995","WMAR",0.108016719,-1.49146736,0.02616979
"2996","WMB",0.018874737,3.677663042,0.024946543
"2997","WMGI",0.032234555,0.456113498,0.016524023
"2998","WMK",0.024703823,0.084378691,0.016034272
"2999","WMS",0.048181666,0.092839531,0.024259695
"3000","WMT",0.013073827,5.507189577,0.00907757
"3001","WNC",0.083990651,-0.200252552,0.028423169
"3002","WNR",0.023797945,1.445478804,0.027658958
"3003","WOOF",0.024625531,1.240123829,0.017267404
"3004","WOR",0.02792177,0.881790324,0.019161225
"3005","WPP",0.112354062,-0.813213944,0.021935681
"3006","WPX",0.051203277,1.372075029,0.036173506
"3007","WR",0.027984961,1.532881073,0.011121245
"3008","WRB",0.020379953,1.833258639,0.008220995
"3009","WRLD",0.014681663,-0.440364757,0.020706953
"3010","WSBC",0.031286132,-0.067267693,0.014333341
"3011","WSBF",0.084400572,-0.897023503,0.00950881
"3012","WSCI",0.152712303,-3.96268293,0.034117444
"3013","WSFS",0.013589525,-0.369451148,0.017819947
"3014","WSM",0.015406566,1.800865409,0.01045089
"3015","WSO",0.010885024,0.105461374,0.010567327
"3016","WST",0.021974872,1.168682977,0.014375444
"3017","WSTC",0.034131212,0.901173222,0.020433064
"3018","WSTG",0.061762459,-2.538301788,0.012378149
"3019","WTBA",0.066090055,-1.418380114,0.023629139
"3020","WTFC",0.022467739,0.731310419,0.014677098
"3021","WTI",0.103936012,-0.32039702,0.053203781
"3022","WTR",0.040755573,1.468900475,0.011064095
"3023","WTS",0.017269212,0.503663763,0.016331416
"3024","WTW",0.037997059,0.397984361,0.031187531
"3025","WU",0.061857888,2.146774872,0.013176985
"3026","WVFC",0.091428462,-3.797724314,0.004976165
"3027","WVVI",0.183559164,-3.634138332,0.018330811
"3028","WWAV",0.028246506,1.81823019,0.016824023
"3029","WWD",0.020993351,1.138306189,0.015080778
"3030","WWE",0.073508262,-0.796352685,0.026194736
"3031","WWW",0.038852008,0.95964141,0.016194297
"3032","WWWW",0.05209277,0.007628551,0.022005723
"3033","WYN",0.013006622,2.263128165,0.015949525
"3034","WYNN",0.005497158,2.914088732,0.017516895
"3035","X",0.027993476,1.643694661,0.031869548
"3036","XBKS",0.156004441,-2.490878348,0.012620953
"3037","XCRA",0.119022977,-0.79060809,0.025966978
"3038","XEC",0.008896866,2.279323767,0.027788943
"3039","XEL",0.031223274,2.783711231,0.011789842
"3040","XENT",0.05906447,-0.930275217,0.032706331
"3041","XLNX",0.024340685,2.383886255,0.018235301
"3042","XLRN",0.032004453,-0.00194374,0.032779337
"3043","XLS",0.060148016,1.14048422,0.015625376
"3044","XNCR",0.097745479,-1.136505578,0.029284291
"3045","XNPT",0.162280392,-0.961813263,0.033867062
"3046","XOM",0.010741991,5.983800918,0.012477648
"3047","XON",0.052541405,0.644275643,0.03822243
"3048","XONE",0.047808102,-1.205553013,0.059249911
"3049","XOOM",0.052364365,-0.315209766,0.03712541
"3050","XOXO",0.084561932,-1.146377219,0.020770404
"3051","XPLR",0.196709983,-3.149055477,0.040060734
"3052","XPO",0.027019724,0.694452789,0.029261442
"3053","XRAY",0.021658168,1.877287475,0.011493797
"3054","XRM",0.069358584,-1.504074333,0.020045644
"3056","XRX",0.078090517,2.69173723,0.018124353
"3057","XXIA",0.112285498,-0.363371187,0.02260485
"3058","XYL",0.028989526,1.84003127,0.016999414
"3059","Y",0.002349583,1.941175203,0.008496721
"3060","YDKN",0.053190259,-0.540904229,0.010341186
"3061","YDLE",0.074185287,-0.96467837,0.05419072
"3062","YELP",0.015392852,1.385888103,0.030000923
"3063","YHOO",0.024158268,3.698718403,0.016197024
"3064","YORW",0.048366068,-1.327337037,0.014822771
"3065","YRCW",0.055982864,-0.586630373,0.038595588
"3066","YUM",0.014357591,3.421301843,0.01025773
"3067","Z",0.009293042,1.308744359,0.028072166
"3068","ZAGG",0.173375547,-1.745560488,0.029872403
"3069","ZAYO",0.043964828,1.692867321,0.017912448
"3070","ZBRA",0.014788667,1.23521198,0.01780189
"3071","ZEN",0.045209734,0.468142819,0.039793621
"3072","ZEP",0.069035899,-1.101585853,0.022106849
"3073","ZEUS",0.05174295,-1.551149542,0.029714048
"3074","ZFGN",0.053735807,-0.863990594,0.029380134
"3075","ZINC",0.064979094,-0.248202982,0.028839027
"3076","ZION",0.036167787,1.723970968,0.013482069
"3077","ZLTQ",0.043762011,-0.148112929,0.032485139
"3078","ZMH",0.009762019,2.850172495,0.011762259
"3079","ZOES",0.029683548,-0.434460825,0.031740325
"3080","ZSPH",0.028240957,-0.306517274,0.042474615
"3081","ZTS",0.027428299,2.90519144,0.012183192
"3082","ZU",0.02690499,0.774140529,0.024544562
"3083","ZUMZ",0.031862134,-0.089393475,0.022227865
